,Unnamed: 0,id,title,views,publishdate,category,channel_name,subscriber,keywords,short_or_video,thumbnail_colors,duration
0,0,_AMnMpBOcyY,【花隈千冬】CeVIO AIトークボイス サンプル音声（開発中音源）,22145,2022-06-19,Entertainment,TOKYO6 ENTERTAINMENT,4180.0,"花隈千冬, CeVIO_AI, 奥野香耶",video,"['beige', 'black', 'dimgray', 'dimgray', 'gray']",225
1,1,8rVh4rQg-JI,【古川本舗】あいにいく【花隈千冬 公式デモソング】,35722,2022-10-19,Entertainment,TOKYO6 ENTERTAINMENT,4180.0,"video, sharing, camera phone, video phone, free, upload",video,"['black', 'lightgray', 'goldenrod', 'slategray', 'dimgray']",234
2,2,EtEqGWNJ6zM,"小さな恋 (sung by Chifuyu Hanakuma, 花隈千冬)",162,2022-10-19,Music,Rioリョウ,53.0,"花隈千冬, Tokyo6, SynthesizerV, Hanakuma, Chifuyu, Vocaloid, 小さな恋",video,"['gray', 'silver', 'black', 'silver', 'darkgray']",196
3,3,FzgQyJ_Fe0g,翠色のヒストリア feat. 花隈千冬,1093,2022-10-19,Music,Yori / Sodalite Lab.,449.0,"花隈千冬, 小春六花, 夏色花梨, TOKYO6, 花隈千冬オリジナル曲, Yori, Sodalite Lab., Hanakuma, Chihuyu, Vocaloid",video,"['seagreen', 'black', 'silver', 'mediumaquamarine', 'mediumaquamarine']",224
4,4,GegE-pknwyM,【花隈千冬】代赭色の曇り空から【オリジナル曲】,719,2022-10-19,Music,野良犬P  NorainuP,710.0,"Synthesizer V, SynthV, VOCALOID, 花隈千冬, Hanakuma Chifuyu, VocalSynth, Vocal Synth, 小樽コラボ",video,"['rosybrown', 'black', 'lightseagreen', 'dimgray', 'gray']",315
5,5,S06Z2KQsuZU,ツギハギビート / 風原 feat. 花隈千冬,13393,2022-10-19,Entertainment,風原の音置き場,2000.0,"video, sharing, camera phone, video phone, free, upload",video,"['black', 'gainsboro', 'dimgray', 'peru', 'gray']",217
6,6,ImhtYxQaQX8,【花隈千冬】さよならの足音【オリジナル曲】,13361,2022-10-19,Music,野良犬P  NorainuP,710.0,"VOCALOID, SynthV, SynthesizerV, Synthesizer V, 花隈千冬, Hanakuma Chifuyu, オリジナル曲, Original Song, 野良犬P",video,"['lightgray', 'black', 'slategray', 'dimgray', 'dimgray']",289
7,7,pRh0AZ4Z-bM,『ヒメタルネ』 feat.花隈千冬【Synthesizer V AI】by 湊いつき,21229,2022-10-19,Music,湊いつき,2160.0,"video, sharing, camera phone, video phone, free, upload",video,"['black', 'thistle', 'dimgray', 'darkslategray', 'slategray']",244
8,8,UWlg632RaRs,ひらりしあわせ / きっくす feat.花隈千冬【SynthesizerV】,2333,2022-10-19,Music,きっくす(studio biotope),629.0,"y.szk, kikkusu",video,"['darkslategray', 'darksalmon', 'gray', 'darkgray', 'darkgray']",228
9,9,gdP7UMc3LFs,Step by Jump / 序論 feat. 花隈千冬,251,2022-10-19,Music,序論,50.0,"花隈千冬, 花隈千冬オリジナル曲, SynthesizerV, VOCALOID",video,"['khaki', 'black', 'oldlace', 'dimgray', 'darkolivegreen']",233
10,10,tp3GdJclaew,アップビートに気付いて / 花隈千冬,1112,2022-10-19,People \u0026 Blogs,じゅんぴょん / Otonari Studio,480.0,"video, sharing, camera phone, video phone, free, upload",video,"['black', 'lavender', 'dimgray', 'lightslategray', 'dimgray']",143
11,11,wqhkR__DPu8,あの日の憧れ、消えない想い/花隈千冬,172,2022-10-19,People \u0026 Blogs,ジムノ,109.0,花隈千冬,video,"['darkslategray', 'beige', 'slategray', 'lightslategray', 'lightslategray']",212
12,12,uPNTekKrgcA,【オリジナル】スターダスト / feat.花隈千冬,640,2022-10-19,People \u0026 Blogs,ざるぼうる / ZalBowl,322.0,"video, sharing, camera phone, video phone, free, upload",video,"['antiquewhite', 'black', 'gray', 'gray', 'dimgray']",215
13,13,qkkYahzsDrE,【花隈千冬】この手をさしのべて【ピアノバラード】,145,2022-10-20,Music,OIE,67.0,"video, sharing, camera phone, video phone, free, upload",video,"['darkslategray', 'tan', 'lightslategray', 'gray', 'darkgray']",164
14,14,S14Yuxow-iA,【花隈千冬】文庫回遊【SynthVオリジナル曲】,209,2022-10-22,Music,ノーコア | nocore,424.0,"オリジナル曲, synthv, synthesizerv, dtm",video,"['black', 'sienna', 'antiquewhite', 'rosybrown', 'rosybrown']",149
15,15,5_yNBNMghRg,:√透明な記憶を / Watashi feat.花隈千冬\u0026夏色花梨,1990,2022-10-28,Music,Wa tashi,391.0,"SynthV, SyntesizerV, 夏色花梨, 花隈千冬, NatsukiKarin, HanakumaChifuyu, EDM, Chill",video,"['gainsboro', 'black', 'dimgray', 'gray', 'dimgray']",245
16,16,v2ypwizroFc,[オリジナル曲(PV) ]WARM HEAVY RAIN[花隈千冬],131,2022-10-29,Music,Kuramoto Satoshi,86.0,"#VOCALOID, #花隈千冬, #Synthesizer V, #エレクトロ",short,"['black', 'wheat', 'sandybrown', 'goldenrod', 'gray']",337
17,17,kEIeB4Cf8pc,こるちかむ / あいぶるーむ  feat.花隈千冬,858,2022-10-31,Music,あいぶるーむ,111.0,"video, sharing, camera phone, video phone, free, upload",video,"['black', 'beige', 'gray', 'dimgray', 'gray']",226
18,18,cwdMYGLEoyM,くものいと / 花隈千冬,341,2022-11-04,Music,浅倉森 / mori,1780.0,"video, sharing, camera phone, video phone, free, upload",video,"['black', 'skyblue', 'lightcyan', 'dimgray', 'cadetblue']",213
19,19,Nxqxc9J_0zM,アンデットハート/ Lio feat.花隈千冬,425,2022-11-06,Music,Lio,588.0,"ボカロ, VOCALOID, オリジナル曲, 花隈千冬, 花隈千冬オリジナル曲, synthesizerv",video,"['black', 'silver', 'darkslategray', 'cadetblue', 'slategray']",179
20,20,AmaTs-g1umc,WARNING feat.花隈千冬 【Synthesizer V AI】（オリジナル曲）,230,2022-11-07,Music,月紫 Tsukushi Ch.,24.0,"video, sharing, camera phone, video phone, free, upload",video,"['black', 'darkslategray', 'gray', 'dimgray', 'dimgray']",240
21,21,6mCebblIJ4c,Practice11 / feat.花隈千冬,948,2022-11-16,Music,馬車馬カエデ,3890.0,"video, sharing, camera phone, video phone, free, upload",video,"['midnightblue', 'palevioletred', 'dimgray', 'darkgray', 'slateblue']",195
22,22,77-c-yjCD3g,いのくち(inokuchi) - 最果てからのScenery feat. 花隈千冬,124,2022-11-18,People \u0026 Blogs,いのくち (inokuchi),832.0,"video, sharing, camera phone, video phone, free, upload",video,"['darkslategray', 'burlywood', 'turquoise', 'sienna', 'steelblue']",120
23,23,B2KysktO44E,【花隈千冬AI】「KIRA! KIRA!」♪Synthesizer V/オリジナル曲♪,561,2022-11-27,Music,MEGAFEPPS Music Channel,382.0,"video, sharing, camera phone, video phone, free, upload",video,"['silver', 'black', 'dimgray', 'gray', 'gray']",234
24,24,kHdLQmvvYBw,直線プロローグ / 小春六花×夏色花梨×花隈千冬,48557,2022-11-29,Music,,16400.0,"VOCALOID, 夏色花梨, 夏色花梨オリジナル曲, VOCAROCK, 雪乃イト, SynthesizerV, 音楽, Haる, さいだるい, C’Na, 空より蒼い街, かわいいぼかうた, アニソン, ジャズ, JPOP, ロック, TOKYO6, よしだなすび, 小春六花, 花隈千冬, 空回りライブラリ, 直線プロローグ, ボカロ曲",video,"['gainsboro', 'black', 'skyblue', 'dimgray', 'steelblue']",221
25,25,1aSrA_IawfE,雪のセツナ/白乃秋 feat.花隈千冬,474,2022-12-01,Music,白乃秋,124.0,"video, sharing, camera phone, video phone, free, upload",video,"['lavender', 'black', 'slategray', 'gray', 'lightslategray']",321
26,26,RByeTGCLF30,うたかた / limit34 feat. 花隈千冬,9064,2022-12-01,Music,limit34,1170.0,"VOCALOID, SynthesizerV, 花隈千冬",video,"['gainsboro', 'black', 'slategray', 'lightslategray', 'dimgray']",289
27,27,sEmkIgHRvWc,Out of blue /Ugetsu feat.花隈千冬,7754,2022-12-02,People \u0026 Blogs,Ugetsu,695.0,"video, sharing, camera phone, video phone, free, upload",video,"['tan', 'black', 'dimgray', 'gray', 'lightslategray']",176
28,28,OIg-1WPzusI,『別れを惜しむ歌』（花隈千冬・夏色花梨）,100,2022-12-03,Music,♬ ゆりは,1650.0,"Synthesizer V, SynthV, 花隈千冬, 夏色花梨, Hanakuma Chifuyu, Natsuki Karin, オリジナル",video,"['lightslategray', 'lightgray', 'black', 'darkolivegreen', 'silver']",181
29,29,DSq3gok0zu4,最終列車 / 花隈千冬,718,2022-12-04,Music,空蝉UtuSemi【規制音P】,1120.0,"初音ミク, 花隈千冬, ボカロ, クリスマス, かっこいい曲, garageband",video,"['lightgray', 'midnightblue', 'lightsteelblue', 'lightslategray', 'gray']",277
30,30,rXRGF133QHw,花隈千冬オリジナル曲「スペクトル」,4041,2022-12-05,Music,keisei,8070.0,"video, sharing, camera phone, video phone, free, upload",video,"['black', 'skyblue', 'gainsboro', 'slategray', 'indianred']",263
31,31,l95l6hnRSS4,散華と月 / 風原 feat. 花隈千冬,2754,2022-12-06,Entertainment,風原の音置き場,2000.0,"video, sharing, camera phone, video phone, free, upload",video,"['lightgray', 'black', 'lightslategray', 'slategray', 'lightslategray']",221
32,32,yGc04qfoHmw,ハナサカロック / 序論 feat. 小春六花・夏色花梨・花隈千冬,142,2022-12-06,Music,序論,50.0,"小春六花, 夏色花梨, 花隈千冬, VOCALOID, SynthesizerV",video,"['gainsboro', 'black', 'gray', 'peru', 'seagreen']",259
33,33,CRSTbz-jfvk,ディストレンシアの白昼夢 feat.花隈千冬,398,2022-12-06,Music,Yori / Sodalite Lab.,449.0,"TOKYO6, 花隈千冬, Hanakuma Chifuyu, 花隈千冬オリジナル曲, Yori, Sodalite Lab, SynthesizerV, SynthesizerVオリジナル曲",video,"['black', 'gainsboro', 'gray', 'gray', 'dimgray']",160
34,34,6Fhz2SpQgPg,【花隈千冬AI】「Believe in Aphrodite」♪Synthesizer V/オリジナル曲♪,474,2022-12-07,Music,MEGAFEPPS Music Channel,382.0,"video, sharing, camera phone, video phone, free, upload",video,"['black', 'lightgray', 'mediumseagreen', 'dimgray', 'slategray']",257
35,35,jF6zkY-e2VE,【オリジナル曲】惑星に恋をした / SynthesizerV花隈千冬,180,2022-12-09,Music,宮本さやか,137.0,"video, sharing, camera phone, video phone, free, upload",video,"['darkslategray', 'rosybrown', 'slateblue', 'darkslateblue', 'darkgray']",246
36,36,2J22j9v6_MI,輝く世界のジンガ feat 花隈千冬 (by TETARE) 【Synthesizer V AI】,210,2022-12-10,Music,TETARE Music Laboratory,394.0,"video, sharing, camera phone, video phone, free, upload",video,"['black', 'lightgreen', 'gainsboro', 'indianred', 'steelblue']",252
37,37,LgBgBi3Hsk0,花 (feat.花隈千冬) - dramatic cider,944,2022-12-20,People \u0026 Blogs,dramatic cider,148.0,"video, sharing, camera phone, video phone, free, upload",video,"['black', 'thistle', 'lightslategray', 'dimgray', 'dimgray']",309
38,38,ZB4VeyVXQ1s,逆境ストーリー / 花隈千冬,44839,2022-12-22,Music,,16400.0,"VOCALOID, 夏色花梨, VOCAROCK, 雪乃イト, SynthesizerV, 音楽, Haる, C’Na, 空より蒼い街, かわいいぼかうた, アニソン, JPOP, ロック, TOKYO6, よしだなすび, 小春六花, 花隈千冬, 空回りライブラリ, 直線プロローグ, ボカロ曲, 水野あつ, 逆境ストーリー, 花隈千冬オリジナル曲, ボカロック",video,"['pink', 'lightskyblue', 'black', 'cadetblue', 'dimgray']",215
39,39,6ePVI5K979c,【花隈千冬】「純青ホライズン(サビ)」2022/12/22  作詞・作曲・編曲／仙道アリマサ　Synthesizer V ボカロ ボーカロイド VOCALOID,423,2022-12-22,Music,仙道アリマサ,669.0,"video, sharing, camera phone, video phone, free, upload",video,"['black', 'tan', 'slategray', 'dimgray', 'sienna']",45
40,40,mcmfjhKDmnY,ノエルの朝に　feat.花隈千冬,2500,2022-12-24,Music,,2160.0,"video, sharing, camera phone, video phone, free, upload",video,"['lightgray', 'black', 'slategray', 'dimgray', 'dimgray']",376
41,41,U5sn438OwLE,ストロボ / 花隈千冬【Synthesizer V】,1222,2022-12-24,People \u0026 Blogs,Mass,,"video, sharing, camera phone, video phone, free, upload",video,"['lightgray', 'black', 'gray', 'darkgray', 'lightslategray']",340
42,42,J3FPxsIul1U,Borderline / Watashi feat.花隈千冬,1104,2022-12-27,Music,,391.0,"花隈千冬, SynthV, VOCALOID, ボカロ, MMD",video,"['black', 'silver', 'darkslategray', 'cadetblue', 'slategray']",167
43,43,YEnUgQ_YOy8,恋をする人  【Synthesizer V AI 花隈千冬 ライト版】,172,2022-12-28,Music,take-de-x,10.0,"video, sharing, camera phone, video phone, free, upload",video,"['darkslategray', 'tan', 'gray', 'darkkhaki', 'darkgray']",84
44,44,WnFAf-k_kIQ,【花隈千冬】雪の結晶【Kumaika】,461,2022-12-31,Music,くまいか,82.0,"花隈千冬, synthesizer v, VOCALOID",video,"['black', 'gainsboro', 'dimgray', 'gray', 'dimgray']",231
45,45,_in1UePTcDg,(花隈千冬\u0026小春六花) [Liquid Drum \u0026 Bass] Star Station (Original Mix),213,2022-12-31,Music,kaami,32300.0,"video, sharing, camera phone, video phone, free, upload",video,"['darkslategray', 'lightgray', 'darkgray', 'silver', 'darkgray']",196
46,46,NhqDMF-CQjI,綾垣航 / Phrase feat. 花隈千冬,696,2023-01-02,Music,綾垣航,52.0,"synthesizerv, vocaloid, 花隈千冬",video,"['darkslategray', 'burlywood', 'darkgray', 'gray', 'darkgray']",274
47,47,CB5KqA2TYTs,サーマルテレポート feat.花隈千冬(Hanakuma Chifuyu)/tonaca,828,2023-01-03,Music,tonaca,187.0,"SynthV, オリジナル曲",video,"['plum', 'black', 'lavender', 'dimgray', 'palevioletred']",135
48,48,YnqdN00oobU,HuusuiP（風水Ｐ） - The World Unites（ワールドユナイト）feat. 花隈千冬 - Official Video,2611,2023-01-03,Music,風水ちゃんねる Studio風鈴亭,1480.0,"ガンドルフォ, UCqTBfytLwDHEm8fLTgqt9Sg, studio 風鈴亭, 風水, アゾ, 風鈴亭, サマナーズウォー, ガンダムオンライン, ボーカロイド, アニソン, アニソン風鈴亭, サマナーズウォーskyarena, ワリーナ, Steam, 初音ミク, ボカロ, 声優, 歌ってみた, サマナ, アプリ, eスポーツ, 対人戦, ゲーム, ガチャ, ガチャ祭り, ガンエボ, ガンダムエボリューション, GUNDAM EVOLUTION, 花隈千冬, オリジナル, オリジナル曲, ボカロ曲",video,"['black', 'indianred', 'antiquewhite', 'darkolivegreen', 'plum']",170
49,49,syWktJ6k5JA,"黎明 / 夏色花梨,花隈千冬",411,2023-01-06,Music,SHIOSAI RECORDS,252.0,"夏色花梨, 花隈千冬, SynthesizerV, Tokyo6, ボーカロイド, VOCALOID, ロック, Rock, オルタナティブロック, AltanativeRock",video,"['darkslategray', 'thistle', 'gray', 'lightslategray', 'lightslategray']",226
50,50,wWZ9Xkx7dEE,【花隈千冬】「おかえり」Synthesizer V ボカロ ボーカロイド VOCALOID,670,2023-01-09,Music,仙道アリマサ,669.0,"video, sharing, camera phone, video phone, free, upload",video,"['tan', 'black', 'dimgray', 'lightslategray', 'rosybrown']",113
51,51,82vi5Ob1DO8,史上最強カップル/ feat. 花隈千冬×Mai,578,2023-01-15,Music,おっちょ,503.0,"video, sharing, camera phone, video phone, free, upload",video,"['gainsboro', 'black', 'cadetblue', 'lightsteelblue', 'gray']",227
52,52,gNmC-WUN50E,冬を歩くfeat.花隈千冬,246,2023-01-16,Music,稀乃 -mareno-,51.0,"synthesizer V, 花隈千冬, ラップ, VOCALOID, ボカロラップ",video,"['black', 'lightgray', 'darkslategray', 'slategray', 'dimgray']",305
53,53,xCEn9PHK_Hg,"(星尘\u0026花隈千冬) [Pop, Drum \u0026 Bass] Drawer \u0026 Cat (Original Mix)",133,2023-01-18,Music,kaami,32300.0,"video, sharing, camera phone, video phone, free, upload",video,"['black', 'silver', 'dimgray', 'lightslategray', 'lightslategray']",174
54,54,MeHluSWe6Z0,時間泥棒 - 革命 feat. 花隈千冬【M15】,141,2023-01-21,Music,時間泥棒,1170.0,"オリジナル曲, 弾き語り, SynthV, 花隈千冬, VOCALOID, Hanakuma Chifuyu",video,"['black', 'lightgray', 'firebrick', 'gray', 'dimgray']",91
55,55,lqqi5yweLUM,(星尘\u0026花隈千冬) Daytale (Original Mix),124,2023-01-22,Music,kaami,32300.0,"video, sharing, camera phone, video phone, free, upload",video,"['black', 'lightslategray', 'dimgray', 'slategray', 'gray']",139
56,56,V6ZKx63SCrE,同じ空の下で / まつからん Feat. 花隈千冬,2158,2023-01-22,Music,まつからん / 作編曲家 ボカロP,1180.0,"作曲, DTM, DTMer, 作編曲家, 編曲, アレンジ, アレンジャー, ギタリスト, ギター, コスプレ, アニソン, アイドル, ポップス, ゲーム配信, Twich, ライブ配信, 切り抜き, 簡単, おすすめ, 作曲法, 初心者, FPS, 音ゲー, ホラゲー, 趣味, ゲーム, 実況者, ゲーム実況, 批評, レビュー, 評価, 花隈千冬, synthesizer v, synth V, シンセサイザーv, ボカロ, ボーカロイド, 卒業ソング, 卒業, 泣ける, バラード",video,"['tan', 'black', 'skyblue', 'dimgray', 'sienna']",179
57,57,Y7YmA4rkYTM,First Belle - 晴れの海(feat. 花隈千冬 \u0026 小春六花) 【オリジナル曲】,209,2023-01-25,Music,,431.0,"video, sharing, camera phone, video phone, free, upload",short,"['silver', 'black', 'dimgray', 'lightslategray', 'lightslategray']",173
58,58,P3N91X9TlV8,正しい世界 / 花隈千冬,571,2023-01-27,Music,Kay Kamio Music,552.0,"ポストロック, ボカロ, ボカロ曲, vocaloid, 花隈千冬, ボカロオリジナル曲, Synthesizer V, Hanakuma Chifuyu, SynthV",video,"['whitesmoke', 'black', 'palevioletred', 'cadetblue', 'gray']",310
59,59,545JVJpVrRU,Free Moment／花隈千冬,104,2023-01-28,Music,ケンタウロス,199.0,"vocaloid, ボカロ, オリジナル曲, ケンタウロス, 音楽, synthesizerV, synthV, 花隈千冬, 千冬, Japan, music, kawaii, french house, house, フリモメン",video,"['lightblue', 'black', 'dimgray', 'lightcyan', 'gray']",75
60,60,zHZXi8JHZfs,Scabiosa featuring 花隈千冬【Synthesizer V AI】（オリジナル曲）,166,2023-01-29,Music,月紫 Tsukushi Ch.,24.0,"Synthesizer V AI, SynthesizerV, 花隈千冬, オリジナル曲, 花隈千冬オリジナル曲",video,"['black', 'thistle', 'dimgray', 'dimgray', 'gray']",275
61,61,JFXjervaODU,あと少し feat. 花隈千冬 / notch_tang【Synthesizer V オリジナル曲】,6101,2023-02-03,Music,ノチタ@notch_tang,319.0,"花隈千冬, SynthesizerV, オリジナル曲, ボカロ, notch_tang",video,"['black', 'darkkhaki', 'gray', 'indianred', 'gray']",328
62,62,nz38KPy-cQQ,【初音ミク＆花隈千冬】ちょこれいとハート【オリジナル】,109,2023-02-04,Music,legata,699.0,"VOCALOID, SynthesizerV, 初音ミク, 花隈千冬, VOCALOIDオリジナル曲, SynthesizerVオリジナル曲, ミクオリジナル曲, 花隈千冬オリジナル曲, Miku, Hatsune, Chifuyu, Hanakuma",video,"['black', 'gainsboro', 'darkgray', 'darkolivegreen', 'gray']",278
63,63,fy3d1D6qMOI,【花隈千冬】「虹の恋歌」 作詞／こまの柚里　作曲・編曲／仙道アリマサ　Synthesizer V ボカロ ボーカロイド VOCALOID,584,2023-02-04,Music,仙道アリマサ,669.0,"video, sharing, camera phone, video phone, free, upload",video,"['black', 'silver', 'lightslategray', 'skyblue', 'dimgray']",71
64,64,m1wnCED-BOg,クロノノート / Riez feat. 花隈千冬,738,2023-02-05,Music,Riez - Vocaloid Producer,1170.0,"video, sharing, camera phone, video phone, free, upload",video,"['black', 'lightsteelblue', 'darkslateblue', 'cornflowerblue', 'lightslategray']",212
65,65,yR_arNKopNg,【オリジナル曲】ピカピカデイズ☆彡【くらP feat. 花隈千冬・小春六花・夏色花梨】,307,2023-02-05,Music,くらP,278.0,"video, sharing, camera phone, video phone, free, upload",video,"['tan', 'black', 'darkgray', 'dimgray', 'slategray']",187
66,66,10RqnH8a-QQ,おやすみエレジー / 花隈千冬,1675,2023-02-06,Music,あくたり,1780.0,"VOCALOID, ボカロ, Synthesizer V, シンブイ, 花隈千冬, 小春六花, 夏色花梨, 冬曲, 雪, おやすみ, グッナイ, エレジー, 忘れる, 忘れたい, 辛い, 悲しい, 謙遜, 我慢, 人の目, 見返り, 変わりたい",video,"['black', 'lightsteelblue', 'cadetblue', 'darkslateblue', 'cadetblue']",169
67,67,4z9crOL4iB4,【花隈千冬】Winter Parade【オリジナル曲】,20598,2023-02-06,Entertainment,TOKYO6 ENTERTAINMENT,4180.0,"video, sharing, camera phone, video phone, free, upload",video,"['lightgray', 'black', 'gray', 'dimgray', 'dimgray']",227
68,68,zxYdPypVQvQ,お呪い / 花隈千冬,6306242,2023-02-06,Music,,226000.0,"初音ミク, ボカロ, VOCALOID, なきそ, ボーカロイド, 新曲, Tiktok, 歌愛ユキ, ボカロ2023",video,"['black', 'darkgray', 'lightgray', 'lightslategray', 'silver']",118
69,69,SrGf6Q-U5Q8,モンスターズ / buzzG feat.花隈千冬 (Monsters / buzzG feat.Hanakuma Chifuyu),30977,2023-02-06,Music,buzzG Official,35900.0,"ボカロ, buzzG, 花隈千冬, Synthesizer V",short,"['tan', 'black', 'dimgray', 'dimgray', 'dimgray']",233
70,70,GsNd1Zeo8PQ,【花隈千冬】「彼者誰時」 作詞／静夏夜　作曲・編曲／仙道アリマサ　Synthesizer V ボカロ ボーカロイド VOCALOID,521,2023-02-06,Music,仙道アリマサ,669.0,"video, sharing, camera phone, video phone, free, upload",video,"['darkslateblue', 'darksalmon', 'black', 'gray', 'slategray']",71
71,71,VkKXAlqqSKk,蒼い化け物と生きた証 / 花隈千冬,122,2023-02-08,People \u0026 Blogs,,365.0,"video, sharing, camera phone, video phone, free, upload",video,"['slateblue', 'lavender', 'black', 'lightsteelblue', 'midnightblue']",194
72,72,lpEf0kPy2zc,everything/花隈千冬,148,2023-02-10,Music,Nε:0nさん,97.0,"video, sharing, camera phone, video phone, free, upload",video,"['black', 'gainsboro', 'dimgray', 'gray', 'gray']",226
73,73,QbdYB1JtZdw,アンチサンスベリア【TreatHunters　/　花隈千冬、小春六花、夏色花梨　SynthesizerV オリジナル曲】,935,2023-02-10,Music,,143.0,"video, sharing, camera phone, video phone, free, upload",video,"['darkslategray', 'silver', 'gray', 'darkseagreen', 'darkgray']",153
74,74,8LHyNBz7FDw,五月ノ雨　篝竜太郎feat.花隈千冬,132,2023-02-11,Music,篝　竜太郎　Kagari Ryutaro,75.0,"VOCALOID, synthesizerV, 花隈千冬, ボカロ, ボカロック",video,"['lightgray', 'black', 'dimgray', 'dimgray', 'dimgray']",193
75,75,tNkwvkWLZ74,ここあ／花隈千冬（セルフカバー）,119,2023-02-12,Music,くらP,278.0,"video, sharing, camera phone, video phone, free, upload",video,"['black', 'lightgray', 'darkslategray', 'slategray', 'gray']",220
76,76,Gw1kGR3x7Tw,時間泥棒 - ステッキ feat. 花隈千冬【M18】,101,2023-02-15,Music,時間泥棒,1170.0,"オリジナル曲, 弾き語り, SynthV, 花隈千冬, VOCALOID, 時間泥棒",video,"['black', 'gainsboro', 'lightsteelblue', 'gray', 'darkgray']",95
77,77,zFgks_wnwYo,Hxxxt*3 feat. 花隈千冬 / notch_tang【Synthesizer V オリジナル曲】,1469,2023-02-15,Music,ノチタ@notch_tang,319.0,"花隈千冬, SynthesizerV, オリジナル曲, ボカロ, VOCALOID, notch_tang",video,"['palevioletred', 'black', 'dimgray', 'gray', 'darkorchid']",228
78,78,wYFHRft3pww,Aintops - ねえダーリン feat. 花隈千冬,11525,2023-02-16,Music,Aintops Channel,6610.0,"ヤンデレ, ボーカロイド, vocaloid, ボカロ, Synthesizer V, 花隈千冬, 病みかわいい, 地雷系",video,"['black', 'lightgray', 'dimgray', 'gray', 'dimgray']",174
79,79,DZ2Ucv8SY38,GIANT KILLING / 花隈千冬,228,2023-02-16,Music,SHIOSAI RECORDS,252.0,"SynthesizerV, VOCALOID, ボーカロイド, ロック, ハードロック, ダウンチューニング, 花隈千冬",video,"['black', 'silver', 'gray', 'darkgray', 'lightslategray']",212
80,80,TnxWx5oUBLI,「耽溺」feat.花隈千冬【MV】,24313,2023-02-17,Music,metamol,1980.0,"Suchmos, King Gnu, ずっと真夜中でいいのに, 須田景凪, sekai no owari, Vaundy, PERIMETRON, Tempalay, Mr. Green Apple, RADWIMPS, BUMP OF CHIKEN, 米津玄師, ナナヲアカリ, ずとまよ, シンガーソングライター, ヒトリエ, バンド, インディーズ, Neru, まふまふ, sajou no hana, 神様, 僕は気づいてしまった, 神僕, 神山羊, ヨルシカ, 有機酸, yama, Ado, くじら, バルーン, シャルル, キングヌー, ユアネス, ポルカドットスティングレイ, カネコアツシ, エジマハルシ, ドミコ, domico, はるまきごはん, Eve, Sou, 呪術廻戦, 夏油, 人間みたいね, Rainy, 鏡音リン, 初音ミク, 花譜, 小林私, 美波, THE BINARY, 煮ル果実, DUSTCELL, ALI, チェーンソーマン, 笹川真緒, 南雲ゆうき, n-buna, Awsome City Club, 藤井風, キタニタツヤ, vocaloid, ボカロ, 可不, かふ, kafu, 花隈千冬, 千冬, Chihuyu, SynthesizerV",video,"['black', 'silver', 'dimgray', 'lightslategray', 'lightslategray']",73
81,81,zktiesCGcq0,【花隈千冬】Never Mind【オリジナル】,130,2023-02-17,Music,legata,699.0,"SynthesizerV, 花隈千冬, SynthesizerVオリジナル曲, 花隈千冬オリジナル曲, ポップ, HanakumaChifuyu, ボカロ",video,"['black', 'thistle', 'lightslategray', 'saddlebrown', 'indianred']",226
82,82,z9VaNe1YHrA,いのくち(inokuchi) - 夢、昼下がり - feat. 花隈千冬,161,2023-02-18,Music,いのくち (inokuchi),832.0,"video, sharing, camera phone, video phone, free, upload",video,"['midnightblue', 'gainsboro', 'sienna', 'cornflowerblue', 'peru']",119
83,83,HAeuZN8mmQ4,"今日の空は。 / 花隈千冬 (feat.夏色花梨, 弦巻マキ)",1170,2023-02-18,Music,夏亀,307.0,"SynthesizerV, 花隈千冬",video,"['gainsboro', 'darkslateblue', 'black', 'skyblue', 'steelblue']",232
84,84,BbuzuOJTH5k,ショコラティカ (feat.夏色花梨\u0026花隈千冬) - dramatic cider,1427,2023-02-19,People \u0026 Blogs,dramatic cider,148.0,"video, sharing, camera phone, video phone, free, upload",video,"['black', 'darksalmon', 'lavender', 'dimgray', 'dimgray']",173
85,85,ca73VDyl8hE,paradox / 鈴木凹 feat. 花隈千冬,228,2023-02-19,People \u0026 Blogs,Ou Suzuki,99.0,"video, sharing, camera phone, video phone, free, upload",video,"['silver', 'black', 'dimgray', 'darkolivegreen', 'dimgray']",487
86,86,kmsYvfLvp8I,Calvin Ism / 頭.pdf feat.花隈千冬,126,2023-02-20,People \u0026 Blogs,頭pdf,18.0,"video, sharing, camera phone, video phone, free, upload",video,"['black', 'wheat', 'darkorchid', 'palevioletred', 'sienna']",181
87,87,YEDxV_ZU0Po,涼風に乗って/花隈千冬［ボカロオリジナル曲］sinthesizerV,470,2023-02-21,People \u0026 Blogs,ぷれあ pleia,117.0,"video, sharing, camera phone, video phone, free, upload",video,"['steelblue', 'rosybrown', 'black', 'mediumturquoise', 'dodgerblue']",227
88,88,L5LDsNNqFvI,『旅立ち』Wide Blue feat.花隈千冬（Synthesizer V）,441,2023-02-24,People \u0026 Blogs,Wide Blue,47.0,"ボカロ, オリジナル曲, VOCALOID, 花隈千冬, 卒業ソング, synthesizerV",video,"['black', 'gainsboro', 'cornflowerblue', 'steelblue', 'gray']",235
89,89,mRXgO7aqUqM,【初音ミク＆花隈千冬】You In the Mirror【オリジナル】,150,2023-02-25,Music,legata,699.0,"VOCALOID, SynthesizerV, 初音ミク, 花隈千冬, ミクオリジナル曲, 花隈千冬オリジナル曲, VOCALOIDオリジナル曲, SynthesizerVオリジナル曲, ボカロバラード, HatsuneMiku, HanakumaChifuyu",video,"['lightgray', 'black', 'mediumaquamarine', 'dimgray', 'indianred']",220
90,90,P8tGOrXQgew,"\""子猫注意報\"" /花隈千冬 #ボカロオルタナティブ祭",127,2023-02-27,Music,Soshina,80.0,"video, sharing, camera phone, video phone, free, upload",video,"['black', 'gainsboro', 'blueviolet', 'mediumorchid', 'lightslategray']",147
91,91,N0iAUrud7Dc,空色の君へ / 花隈千冬,1098,2023-02-27,Music,そーた,416.0,"video, sharing, camera phone, video phone, free, upload",video,"['black', 'darkgray', 'gainsboro', 'steelblue', 'darkkhaki']",287
92,92,DKpfyb4n410,"ピアス feat.小春六花,花隈千冬",494,2023-02-27,Music,稀乃 -mareno-,51.0,"ボカロ, VOCALOID, ボカロラップ, 花隈千冬, 小春六花, sysnthesizerV",video,"['antiquewhite', 'black', 'sienna', 'rosybrown', 'slategray']",252
93,93,aRAvdW8xKLA,カタスミノハナ【花隈千冬/オリジナル曲】,424,2023-03-01,People \u0026 Blogs,ゆう | Yu,12.0,"video, sharing, camera phone, video phone, free, upload",video,"['black', 'gainsboro', 'dimgray', 'cadetblue', 'lightgreen']",255
94,94,9YoEc6TQ-nM,二三月物語 feat. 花隈千冬 / notch_tang【Synthesizer V オリジナル曲】,3479,2023-03-01,Music,ノチタ@notch_tang,319.0,"花隈千冬, SynthesizerV, オリジナル曲, ボカロ, VOCALOID, notch_tang",video,"['lightgray', 'black', 'gray', 'dimgray', 'dimgray']",263
95,95,Z02MtWkqpXA,ミルフイユ / くらP feat. 花隈千冬,174,2023-03-01,Music,くらP,278.0,"video, sharing, camera phone, video phone, free, upload",video,"['lightgray', 'black', 'dimgray', 'lightseagreen', 'gray']",148
96,96,rpPYH_s_-zE,ゲレンデ【SynthesizerVオリジナル曲/花隈千冬】,299,2023-03-01,Music,綾瀞工房,365.0,"SynthesizerV, 花隈千冬, オリジナル曲, ゲレンデ",video,"['lavender', 'black', 'steelblue', 'skyblue', 'dimgray']",229
97,97,2Wi7pJD3ka8,白い約束 / あぷLiZこっと feat.花隈千冬,613,2023-03-02,Music,あぷLiZこっとチャンネル,294.0,"vocaloid, synthesizerV, 花隈千冬オリジナル曲, 花隈千冬, 花隈千冬誕生祭",video,"['black', 'gainsboro', 'dimgray', 'skyblue', 'gray']",209
98,98,_HUiC4sb25o,ピアノの詩 - たかぴぃ feat.花隈千冬,2109,2023-03-02,Music,たかぴぃ-takapi,3500.0,"たかぴぃ, SynthesizerV, VOCALOID, CeVIOAI, takapira, takapi, 花隈千冬, HanakumaChifuyu, こう1, ピアノの詩, That Song, Piano no Uta",video,"['black', 'gainsboro', 'lightslategray', 'dimgray', 'dimgray']",222
99,99,ADiw9dJDJXc,トキヲトメ / 花隈千冬,1823,2023-03-02,People \u0026 Blogs,じゅんぴょん / Otonari Studio,480.0,"ado, ヨルシカ, アニソン",video,"['black', 'gainsboro', 'skyblue', 'gray', 'cornflowerblue']",233
100,100,Pi67yyRggbA,ニュース速報 / 時間泥棒 feat. 花隈千冬【M20】,133,2023-03-02,Music,時間泥棒,1170.0,"オリジナル曲, SynthesizerV, 花隈千冬, 時間泥棒",video,"['silver', 'darkgray', 'black', 'dimgray', 'gray']",98
101,101,oV_iKwEKp-8,ダカラナンダ / きっくす feat.花隈千冬【Synthesizer V】,647,2023-03-02,Music,きっくす(studio biotope),629.0,VOCALOID,video,"['darkslategray', 'pink', 'gray', 'darkseagreen', 'darkgray']",265
102,102,rqI-Y-Du6WA,ROOK / 風原 feat. 花隈千冬,3900,2023-03-02,Entertainment,風原の音置き場,2000.0,"video, sharing, camera phone, video phone, free, upload",video,"['silver', 'black', 'slategray', 'teal', 'gray']",186
103,103,gLmwtd4hONs,ライトニング・サンダーボルト / 花隈千冬,3233,2023-03-02,Music,kiiiiichi,2820.0,"video, sharing, camera phone, video phone, free, upload",video,"['whitesmoke', 'black', 'mediumseagreen', 'sienna', 'darkkhaki']",245
104,104,LnoJXm6FvKA,フォーリンラベンニュー（foreign lavennew） / コラコーラ feat. 花隈千冬,24045,2023-03-02,Music,コラコーラ Official,3090.0,"video, sharing, camera phone, video phone, free, upload",video,"['black', 'thistle', 'darkslateblue', 'mediumpurple', 'indianred']",130
105,105,LZgsPGCHkSo,【花隈千冬】Agate【Kumaika】,919,2023-03-02,Music,くまいか,82.0,"花隈千冬, synthesizerv, 花隈千冬誕生祭2023",video,"['gainsboro', 'black', 'lightsteelblue', 'steelblue', 'dimgray']",192
106,106,f13iWL3-oOQ,ナイショのテレパシー/花隈千冬,166,2023-03-02,Music,Lio,588.0,"初音ミク, DTM, ボカロ, ボーカロイド, VOCALOID, miku, オリジナル曲, 花隈千冬, synthesizerV, AIシンガー",video,"['black', 'lightgoldenrodyellow', 'dimgray', 'sandybrown', 'lightslategray']",183
107,107,RUEQta6HJIQ,千冬ちゃんネットショッピング／花隈千冬,157,2023-03-02,Music,ケンタウロス,199.0,"vocaloid, ボカロ, オリジナル曲, ケンタウロス, 音楽, synthesizerV, synthV, 花隈千冬, 千冬, Japan, music, rock, あたしンち, グラグラゲーム, 1103兆3543億円",video,"['burlywood', 'black', 'blue', 'cadetblue', 'crimson']",84
108,108,wdNjJ3eh8EQ,大女優さん / いよわ feat.花隈千冬（actress / Iyowa feat.Hanakuma Chifuyu）,1884633,2023-03-03,Music,いよわ/ iyowa,375000.0,"いよわ, 花隈千冬, vocaloid, ボーカロイド, ポエトリーリーディング, iyowa, Hanakuma Chifuyu",video,"['tan', 'black', 'steelblue', 'darkolivegreen', 'darkslateblue']",215
109,109,EgZVlSjiAuc,エンドロール / 時間泥棒 feat. 花隈千冬,228,2023-03-08,Music,時間泥棒,1170.0,"オリジナル曲, SynthesizerV, 花隈千冬, 時間泥棒",video,"['black', 'tan', 'dimgray', 'darkolivegreen', 'sienna']",91
110,110,QVnKyUUCjdo,【初音ミク＆花隈千冬】春猫恋々【オリジナル】,111,2023-03-09,Music,legata,699.0,"VOCALOID, SynthesizerV, 初音ミク, 花隈千冬, VOCALOID春曲, ミクオリジナル曲, 花隈千冬オリジナル曲, 桜, 春, Miku, Hatsune, Chifuyu, Hanakuma",video,"['lightgray', 'black', 'lightslategray', 'dimgray', 'dimgray']",243
111,111,kbXSmNFZtBQ,オトギリソウ featuring 花隈千冬（SynthesizerV AI）（オリジナル曲）,155,2023-03-09,Music,月紫 Tsukushi Ch.,24.0,"Synthesizer V AI, SynthesizerV, 花隈千冬, オリジナル曲, 花隈千冬オリジナル曲",video,"['black', 'gray', 'dimgray', 'dimgray', 'gray']",186
112,112,MMAqILklW6A,Aintops - In the shadow feat. 花隈千冬,3959,2023-03-11,Music,Aintops Channel,6610.0,"花隈千冬, ボカロ, ボカロオリジナル, ボカロ楽曲, ボカロラップ, synthesizerv",video,"['silver', 'black', 'dimgray', 'darkgray', 'lightslategray']",186
113,113,wiahA0cVPbI,Aintops - In the shadow feat. 花隈千冬 #Shorts,278,2023-03-11,Music,Aintops Channel,6610.0,"ボカロ, vocaloid, ボーカロイド, ボカロオリジナル, ボカロ楽曲, 花隈千冬, synthesizerv",short,"['darkslategray', 'silver', 'gray', 'darkseagreen', 'lightslategray']",19
114,114,uXpGekzC8Ok,明日への道 / ヌノケン feat.花隈千冬  #10,4201,2023-03-11,Music,ヌノケン(ボカロP),285.0,"初音ミク, 小春六花, 花隈千冬, SynthesizerV, ボカロ, ボカロP, ボカロ好きと繋がりたい, ボーカロイド, VOCALOID, 音楽, ミュージック, DTM, オリジナル曲, 自作曲, 作ってみた, 歌ってみた, VocaloPost, Vocanew, ヌノケン, ぬのけん, nunoken, 明日への道, nunoken001, YOASOBI, ADO, DECO*27, HoneyWorks, P丸様, Kanaria, ピノキオピー, Yukopi, MATERU, J-POP, Playlist, Japanese, pop, music, J-pop Playlist, Japanese Pop Music, Pop Music, J-Pop Playlist, Vocaloid Playlist, Vocaloid Medley, Hatsune Miku, Koharu Rikka, Natsuki Karin, Hanakuma Chifuyu",video,"['lavender', 'black', 'gray', 'cornflowerblue', 'hotpink']",251
115,115,9FL_dWmabjQ,END ROLL/ feat 花隈千冬,103,2023-03-12,Music,梁井柊汰 Official Channel,427.0,"video, sharing, camera phone, video phone, free, upload",video,"['black', 'darkgray', 'lightslategray', 'dimgray', 'slategray']",182
116,116,X3DvDwNFAyA,灯りを消して,1474,2023-03-15,Music,のあ,703.0,"のあ, はるまきごはん, カンザキイオリ, KAMITSUBAKI STUDIO, VOCALOID, ボカロ, 歌ってみた, ボカロP, Mili, mili, 可不, キタニタツヤ, 神はサイコロを振らない, 花譜, いよわ, 裏命, 花隈千冬, SynthV, Synthesizer V",video,"['lightslategray', 'black', 'dimgray', 'sienna', 'gray']",221
117,117,sbQAgox4V6w,ありふれた恋の歌 / feat. 花隈千冬【ボカロオリジナル】,293,2023-03-17,Music,1UP Seseri,228.0,"ボカロ, Synthesizer V, ミク, DTM, 1UP Seseri, Vocaloid original, ボカロ, オリジナル曲, ボカロ, ロック, 新人, ボカロP, ボカロ, 悲しい, オリジナル曲, 花隈千冬, 花隈千冬, シンセV, ボカロ, 恋愛, ボカロ, 失恋, ボカロ, 愛, ボカロ, 恋の唄, ボカロ, 告白, ボカロ, 死, ボカロ, 別れ, ボカロ, 恋バナ",video,"['cadetblue', 'black', 'rosybrown', 'darkslategray', 'darkslategray']",259
118,118,XAFuUz5nYVk,いのくち(inokuchi) - Twilight feat. 花隈千冬,232,2023-03-18,Music,いのくち (inokuchi),832.0,"video, sharing, camera phone, video phone, free, upload",video,"['coral', 'black', 'linen', 'brown', 'slategray']",116
119,119,3U5ZkFKm0fE,【オリジナル曲】花火/虫恋 feat.花隈千冬,2490,2023-03-18,Gaming,,343.0,"video, sharing, camera phone, video phone, free, upload",video,"['silver', 'black', 'darkolivegreen', 'lightslategray', 'slategray']",237
120,120,NgnA-Q5u98w,花かがり feat. 花隈千冬 / riel \u0026 UKIU,182,2023-03-18,Music,riel,7.0,"video, sharing, camera phone, video phone, free, upload",video,"['darkslategray', 'silver', 'dimgray', 'lightslategray', 'darkgray']",251
121,121,8IlwpNYSTqY,トライアングル△メロディ / クラリネ feat. 小春六花 × 夏色花梨 × 花隈千冬【オリジナル曲】,305,2023-03-18,People \u0026 Blogs,クラリネ,11.0,"video, sharing, camera phone, video phone, free, upload",video,"['black', 'wheat', 'sienna', 'gray', 'peru']",240
122,122,6Dh81HN6ACM,【花隈千冬】「端末の恋人」 作詞／高山小石　作曲・編曲／仙道アリマサ　Synthesizer V ボカロ ボーカロイド VOCALOID,308,2023-03-18,Music,仙道アリマサ,669.0,"video, sharing, camera phone, video phone, free, upload",video,"['tan', 'black', 'dimgray', 'darkgray', 'slategray']",71
123,123,uKUDSUEQQLg,ファヴェル/ あいぶるーむ feat.花隈千冬 (farvel / Ibroom feat.Hanakuma Chifuyu),3111,2023-03-18,Music,あいぶるーむ,111.0,"video, sharing, camera phone, video phone, free, upload",video,"['darkslategray', 'rosybrown', 'dimgray', 'darkgray', 'darkgray']",188
124,124,19wG7sdkjcM,【花隈千冬】蜜月の鈴蘭【SynthVオリジナル曲】,209,2023-03-18,Music,ノーコア | nocore,424.0,"オリジナル曲, synthv, synthesizerv, dtm",video,"['gray', 'black', 'bisque', 'silver', 'silver']",203
125,125,22OOhJAeUBo,幻実世界で、また。│花隈千冬,231,2023-03-18,Music,2293P,94.0,"video, sharing, camera phone, video phone, free, upload",video,"['black', 'silver', 'dimgray', 'slategray', 'gray']",242
126,126,nEopFJ6Xwgo,『思い通りなのに』MAMIZU feat.花隈千冬 #shorts,227,2023-03-18,Music,MAMIZU,671.0,"花隈千冬, synthesizerv, オリジナル曲",short,"['black', 'darkkhaki', 'darkolivegreen', 'gray', 'darkslateblue']",23
127,127,a0R_lIpQsBs,メテオライト / 花隈千冬 (Meteorite / Synthesizer V Hanakuma Chifuyu),7334,2023-03-19,Music,monory,44.0,"#VOCALOID, #synthesizerv, #花隈千冬, synthesizervオリジナル曲, 花隈千冬オリジナル曲",video,"['lightslategray', 'lightgray', 'black', 'lightsteelblue', 'darkslategray']",254
128,128,KaQ3cNdL_u4,バカにしないで /  feat. 花隈千冬,157,2023-03-19,Music,半熟ユッケ,10.0,"VOCALOID, 花隈千冬, ボカコレ, Synthesizer V",video,"['mediumseagreen', 'black', 'antiquewhite', 'lightsteelblue', 'darkslategray']",210
129,129,N4H-ZJ5KFKk,環状パラノイア /花隈千冬,4554,2023-03-19,People \u0026 Blogs,MA-Yoi,1000.0,"YOASOBI, 夜に駆ける, ツミキ, トウキョウ・シャンディ・ランデヴー, なきそ, 米津玄師, フォニィ, Ado, 踊, いよわ, ピノキオピー",video,"['black', 'gainsboro', 'mediumvioletred', 'rosybrown', 'dimgray']",194
130,130,P6sHinVJ0vM,butterfly feat. 夏色花梨と花隈千冬,140,2023-03-19,Music,白河くま,46.0,"video, sharing, camera phone, video phone, free, upload",video,"['powderblue', 'black', 'gray', 'lightslategray', 'dimgray']",221
131,131,AcOl-M4BTUQ,ぶらっくかおす/ feat. 花隈千冬×Mai,237,2023-03-19,Music,おっちょ,503.0,"video, sharing, camera phone, video phone, free, upload",video,"['whitesmoke', 'black', 'gray', 'gray', 'gray']",219
132,132,NKOj5oK5J_M,メテオライト / 花隈千冬 (Meteorite / Synthesizer V Hanakuma Chifuyu) #shorts,5517,2023-03-19,Music,monory,44.0,"VOCALOID, synthesizerv, synthesizervオリジナル曲, 花隈千冬, 花隈千冬オリジナル曲",short,"['darkslategray', 'silver', 'darkseagreen', 'gray', 'lightslategray']",36
133,133,NTDmIcBPN7g,眩暈／花隈千冬,181,2023-03-19,Music,Yoseisan,314.0,"VOCALOID, 花隈千冬, オリジナル曲",video,"['gainsboro', 'black', 'cadetblue', 'gray', 'slategray']",168
134,134,781ufzWVifY,【オリジナル】StereoDaydream / feat.花隈千冬,700,2023-03-20,People \u0026 Blogs,ざるぼうる / ZalBowl,322.0,"video, sharing, camera phone, video phone, free, upload",video,"['black', 'paleturquoise', 'cadetblue', 'slategray', 'seagreen']",162
135,135,Mbv5bbJ4z2Q,烏の旗 / 花隈千冬,211,2023-03-20,Music,氷笠家屋,137.0,"SynthesizerV, SynthV",video,"['black', 'lightgray', 'dimgray', 'gray', 'gray']",253
136,136,yZ4ImkS-TSI,花道 / A-M feat.花隈千冬（Hanakuma Chifuyu）,3290,2023-03-21,Music,A-M,427.0,"video, sharing, camera phone, video phone, free, upload",video,"['black', 'peru', 'antiquewhite', 'chocolate', 'wheat']",215
137,137,1VnzBFwZ6LE,ソムニア / 常磐 feat:花隈千冬,275,2023-03-21,Music,常磐_tokiwa,19.0,"video, sharing, camera phone, video phone, free, upload",video,"['lightsteelblue', 'black', 'darkgray', 'dimgray', 'lightslategray']",267
138,138,GhrbDLKTsPI,【オリジナル曲】スキトヲル feat.花隈千冬【オリジナルMV】,1238,2023-03-21,People \u0026 Blogs,,1240.0,ヒオノオト,video,"['lavender', 'black', 'silver', 'lightslategray', 'slategray']",256
139,139,1VFaBaTu5kA,【夏色花梨＆花隈千冬】ADOLESCENCE DREAMER（オリジナル）,314,2023-03-21,People \u0026 Blogs,fuinki,186.0,"video, sharing, camera phone, video phone, free, upload",video,"['thistle', 'black', 'dimgray', 'lightsteelblue', 'lightslategray']",194
140,140,HR23yk299Vo,「BAN」feat.花隈千冬【MV】,4565,2023-03-22,Music,metamol,1980.0,"Suchmos, King Gnu, ずっと真夜中でいいのに, 須田景凪, sekai no owari, Vaundy, PERIMETRON, Tempalay, Mr. Green Apple, RADWIMPS, BUMP OF CHIKEN, 米津玄師, ナナヲアカリ, ずとまよ, シンガーソングライター, ヒトリエ, バンド, インディーズ, Neru, まふまふ, sajou no hana, 神様, 僕は気づいてしまった, 神僕, 神山羊, ヨルシカ, 有機酸, yama, Ado, くじら, バルーン, シャルル, キングヌー, ユアネス, ポルカドットスティングレイ, カネコアツシ, エジマハルシ, ドミコ, domico, はるまきごはん, Eve, Sou, 呪術廻戦, 夏油, 人間みたいね, Rainy, 鏡音リン, 初音ミク, 花譜, 小林私, 美波, THE BINARY, 煮ル果実, DUSTCELL, ALI, チェーンソーマン, 笹川真緒, 南雲ゆうき, n-buna, Awsome City Club, 藤井風, キタニタツヤ, vocaloid, ボカロ, 可不, かふ, kafu, 花隈千冬, 千冬, Chihuyu, SynthesizerV",video,"['black', 'silver', 'brown', 'gray', 'gray']",70
141,141,Q_Ox5skLCpY,終末のラプソディ / 時間泥棒 feat. 花隈千冬,121,2023-03-22,Music,時間泥棒,1170.0,"オリジナル曲, SynthesizerV, 花隈千冬, ピアノボカロ, 時間泥棒",video,"['silver', 'black', 'gray', 'dimgray', 'dimgray']",126
142,142,ZOleEVp9abo,C'Na「スノードロップ」feat. 花隈千冬,11964,2023-03-22,People \u0026 Blogs,C'Na,684.0,"video, sharing, camera phone, video phone, free, upload",video,"['gainsboro', 'black', 'dimgray', 'gray', 'dimgray']",159
143,143,9mfjtfqiZ7I,この青いバス停で feat.花隈千冬,7343,2023-03-22,Music,um.,1070.0,"video, sharing, camera phone, video phone, free, upload",video,"['darkslategray', 'lightgray', 'mediumturquoise', 'sienna', 'peru']",224
144,144,M2uleR1g2Ow,"\""真酔い猫\"" / 花隈千冬 \u0026 ついなちゃん #ボカコレ2023春ルーキー",125,2023-03-22,Music,Soshina,80.0,"video, sharing, camera phone, video phone, free, upload",video,"['dimgray', 'black', 'mistyrose', 'plum', 'darkslategray']",172
145,145,8m44ZxOce_o,【Synthesizer V】桜色の雪/花隈千冬【オリジナル曲】,206,2023-03-22,People \u0026 Blogs,小川ナギ,9.0,"video, sharing, camera phone, video phone, free, upload",video,"['black', 'gainsboro', 'darkslategray', 'indianred', 'cornflowerblue']",236
146,146,Q6jSNj1M58A,Stellar magic / 花隈千冬\u0026星界,417,2023-03-23,Music,Magnetite（社畜大豆）,961.0,"Vocaloid, SynthV, Synthesizer V, 花隈千冬, TOKYO6, 魔法少女, Stellar magic, 星界, 音楽的同位体, ボカコレ, ボカコレ2023春, Magnetite, 社畜大豆, CeVIO_AI",video,"['black', 'lightgray', 'dimgray', 'lightslategray', 'darkkhaki']",210
147,147,MXZMxtUpeZM,ハッピータイム。/アメリカ民謡研究会,164660,2023-03-24,Music,アメリカ民謡研究会,46900.0,"VOCALOID, VOICEROID, ポエトリーリーディング",video,"['black', 'gainsboro', 'khaki', 'indianred', 'peru']",179
148,148,Ar5es_8fEZQ,逆境レジスタンス/小春六花\u0026夏色花梨\u0026花隈千冬,363,2023-03-24,Music,Nε:0nさん,97.0,"video, sharing, camera phone, video phone, free, upload",video,"['black', 'silver', 'mediumturquoise', 'dimgray', 'steelblue']",222
149,149,AHV1sv0yGqc,先生あのね feat.花隈千冬 / TOKOTOKO（西沢さんP）,262422,2023-03-24,Music,TOKOTOKO / 西沢さんP / zawaso Official,149000.0,"VOCALOID, SynthesizerV, 花隈千冬, 西沢P, ボカロ, ボーカロイド",video,"['steelblue', 'gainsboro', 'black', 'skyblue', 'midnightblue']",190
150,150,s68n22eM6jA,TKN - 君と僕と鯨(Whale) ft. 花隈千冬,2003,2023-03-24,Music,TKNMusic,3120.0,"TKN, VOCALOID",video,"['lightsteelblue', 'black', 'plum', 'black', 'violet']",206
151,151,AzHM1vCvQ64,[Original] KANADE - Occursum ( feat.花隈千冬 ),108,2023-03-24,People \u0026 Blogs,かなで,11.0,"video, sharing, camera phone, video phone, free, upload",video,"['gainsboro', 'black', 'dimgray', 'mediumturquoise', 'gray']",234
152,152,NJ4etk3G0Eg,【花隈千冬】Aster【Kumaika】,197,2023-03-25,Music,くまいか,82.0,"花隈千冬, synthesizerv, VOCALOID",video,"['lightgray', 'black', 'steelblue', 'skyblue', 'dimgray']",223
153,153,MgQ2mZcWFUc,ag feat. 花隈千冬 - Half awake,1514,2023-03-26,Music,ag,447.0,"video, sharing, camera phone, video phone, free, upload",video,"['black', 'silver', 'darkgray', 'gray', 'lightslategray']",254
154,154,uB_jQ8H2Yeg,一千光年 / いよわ feat. 初音ミク、v_flower、歌愛ユキ、GUMI、可不、星界、足立レイ、裏命、花隈千冬、VY1、SOLARIA（KLY / Iyowa with AllSingers）,2550043,2023-03-26,Music,いよわ/ iyowa,375000.0,"video, sharing, camera phone, video phone, free, upload",video,"['gainsboro', 'black', 'dimgray', 'mediumaquamarine', 'yellowgreen']",243
155,155,DSP0jbvTqlA,"【オリジナル曲】Primavera! feat. 小春六花, 夏色花梨, 花隈千冬 \u0026 Mai (Official Audio with Lyrics)",130,2023-03-26,Music,Aquasnow Music,119.0,"video, sharing, camera phone, video phone, free, upload",video,"['silver', 'black', 'dimgray', 'gray', 'olivedrab']",313
156,156,3ZvN1F7YFTM,FILM STAR feat. 花隈千冬 / notch_tang【Synthesizer V オリジナル曲】,1273,2023-03-27,Music,ノチタ@notch_tang,319.0,"花隈千冬, SynthesizerV, オリジナル曲, ボカロ, VOCALOID, notch_tang",video,"['khaki', 'black', 'dimgray', 'mediumseagreen', 'lightslategray']",248
157,157,B5gmaYDjEZU,ラストオーダー / 時間泥棒 feat. 花隈千冬,205,2023-03-29,Music,時間泥棒,1170.0,"ボカロピアノ, オリジナル曲, SynthesizerV, 花隈千冬, SynthV, 時間泥棒",video,"['black', 'rosybrown', 'dimgray', 'slategray', 'gray']",111
158,158,c_96dQ4HXRY,「花色シンフォニー」feat. 小春六花・夏色花梨・花隈千冬 【SynthVオリジナル曲】,496,2023-03-31,Music,Keroism,10.0,"SynthesizerV, 小春六花, 夏色花梨, 花隈千冬",video,"['darkkhaki', 'black', 'linen', 'darkslategray', 'dimgray']",264
159,159,adgb28FN_Q4,柊マグネタイト「再見ロマネスク」feat. 花隈千冬【Official Music Video】,587593,2023-03-31,Music,,206000.0,"ボカロ, ボーカロイド, VOCALOID, 柊マグネタイト, 花隈千冬",video,"['darkslateblue', 'silver', 'black', 'mediumturquoise', 'steelblue']",181
160,160,R1OTXRRDSQs,バイバイ花柄スカート ft.花隈千冬,1314,2023-04-01,People \u0026 Blogs,MOノイズキャンセリ,356.0,"花隈千冬, SynthV, vocaloid, オリジナル曲",video,"['lightgray', 'black', 'dimgray', 'lightslategray', 'darkgray']",309
161,161,gT-MpL_HcdQ,精神薬が切れる前に/花隈千冬【オリジナル曲】,7377,2023-04-02,People \u0026 Blogs,,4640.0,"video, sharing, camera phone, video phone, free, upload",video,"['powderblue', 'black', 'cadetblue', 'dimgray', 'dimgray']",197
162,162,vAnE00VL9oM,幻日 / 花隈千冬,636,2023-04-04,Music,そーた,416.0,"video, sharing, camera phone, video phone, free, upload",video,"['darkslateblue', 'black', 'gainsboro', 'darkgray', 'darkgray']",285
163,163,Y4CcpTjxgB8,【花隈千冬】ハイパーインフレーション・マーセナリースクラッパー / asanuko【SynthV Cover】,879,2023-04-04,Music,Uekura Katsushi,251.0,花隈千冬,video,"['black', 'palevioletred', 'mistyrose', 'darkgray', 'gray']",144
164,164,T8QSJOnAMVc,キャスト / 時間泥棒 feat. 花隈千冬,218,2023-04-05,Music,時間泥棒,1170.0,"ボカロピアノ, オリジナル曲, SynthesizerV, 花隈千冬, 時間泥棒",video,"['tan', 'black', 'brown', 'gray', 'sienna']",71
165,165,y0jSjj5KXZI,私だけのプロローグ / 花隈千冬×小春六花×夏色花梨,733,2023-04-06,People \u0026 Blogs,,365.0,"video, sharing, camera phone, video phone, free, upload",video,"['darkslategray', 'gainsboro', 'gray', 'darkgray', 'darkgray']",215
166,166,KkK0x0lQmzU,【初音ミク＆花隈千冬】ナニイッテンノ？【オリジナル】,179,2023-04-07,Music,legata,699.0,"VOCALOID, SynthesizerV, 初音ミク, 花隈千冬, 初音ミクオリジナル曲, 花隈千冬オリジナル曲",video,"['silver', 'black', 'darkslategray', 'dimgray', 'darkolivegreen']",150
167,167,SAdI1rqZJRg,【花隈千冬】センチメンタル・ペインティング（Sentimental Painting）【Synthesizer V オリジナル曲】,518,2023-04-07,Music,野良犬P  NorainuP,710.0,"VOCALOID, SynthV, Synthesizer V, 花隈千冬, ボカロ, ボーカロイド, オリジナル曲",video,"['darksalmon', 'black', 'sienna', 'rosybrown', 'rosybrown']",232
168,168,x2hBBi4JwRI,天国マイレージ / 頭.pdf (feat.花隈千冬),372,2023-04-08,People \u0026 Blogs,頭pdf,18.0,"video, sharing, camera phone, video phone, free, upload",video,"['rosybrown', 'black', 'saddlebrown', 'whitesmoke', 'sienna']",193
169,169,0jKeuPZbsbk,機械 夕立P feat.花隈千冬,110,2023-04-08,Music,夕立Pチャンネル,984.0,花隈千冬,video,"['lightgray', 'black', 'gray', 'darkseagreen', 'lightslategray']",305
170,170,gWoeVp40qzY,【風水P】ワールドユナイト－ The World Unites feat. 花隈千冬【Original MV】,6955,2023-04-09,Music,風水ちゃんねる Studio風鈴亭,1480.0,"ガンドルフォ, UCqTBfytLwDHEm8fLTgqt9Sg, studio 風鈴亭, 風水, アゾ, 風鈴亭, サマナーズウォー, ガンダムオンライン, ボーカロイド, アニソン, アニソン風鈴亭, サマナーズウォーskyarena, ワリーナ, Steam, 初音ミク, ボカロ, 声優, 歌ってみた, サマナ, アプリ, eスポーツ, 対人戦, ゲーム, ガチャ, ガチャ祭り, ガンエボ, ガンダムエボリューション, GUNDAM EVOLUTION, 風水P, HuusuiP, ボカロ曲, サマクロ, クロニクル, サマナクロ, サマナーズウォークロニクル, MMORPG",video,"['black', 'burlywood', 'darkgray', 'firebrick', 'gray']",166
171,171,QvjdnwaNJmg,[オリジナル] RyuiY  - 不可視感情 (feat.花隈千冬),457,2023-04-10,People \u0026 Blogs,RyuiY,567.0,"video, sharing, camera phone, video phone, free, upload",video,"['darkslategray', 'sandybrown', 'indianred', 'darkseagreen', 'rosybrown']",256
172,172,Uktq4Onzdic,【花隈千冬＆初音ミク】スターピーシーズ【オリジナル】,110,2023-04-11,Music,legata,699.0,"VOCALOID, SynthesizerV, ボカロ, 初音ミク, 花隈千冬, ミクオリジナル曲, 花隈千冬オリジナル曲, ポップ",video,"['black', 'gainsboro', 'darkgray', 'sandybrown', 'sienna']",250
173,173,ks__PRhrze0,喫茶 / 時間泥棒 feat. 花隈千冬,221,2023-04-12,Music,時間泥棒,1170.0,"ボカロピアノ, オリジナル曲, SynthesizerV, 花隈千冬, 時間泥棒, 新曲リンク",video,"['black', 'darkgray', 'dimgray', 'dimgray', 'darkolivegreen']",77
174,174,En3w-ZRBsAI,月と君/まよいねずみ feat.花隈千冬,558,2023-04-12,Music,まよいねずみ,39.0,"花隈千冬, へいぼん, 2997, VOCALOID",video,"['beige', 'black', 'cadetblue', 'dimgray', 'peru']",364
175,175,C4Tw4H_FelU,パパとパン屋（オリジナル楽曲）feat 花隈千冬,230,2023-04-12,Film \u0026 Animation,a-sya (アーシャ),334.0,Wondershare Filmora,video,"['black', 'wheat', 'darkseagreen', 'sienna', 'gray']",262
176,176,jg26gl0BF8A,アルコール　feat.花隈千冬,155,2023-04-18,Music,SOLITUDE,1560.0,"video, sharing, camera phone, video phone, free, upload",video,"['orchid', 'black', 'gainsboro', 'gray', 'dimgray']",245
177,177,crWLKhH1SJI,壊れた窓 / 時間泥棒 feat. 花隈千冬,212,2023-04-19,Music,時間泥棒,1170.0,"SynthesizerV, 花隈千冬, オリジナル曲, VOCALOID, 時間泥棒",video,"['black', 'rosybrown', 'dimgray', 'slategray', 'gray']",72
178,178,X1hPKGBaeoQ,風になって / mof. 【 花隈千冬 】,680,2023-04-20,Music,mof.,2560.0,"花隈千冬, Synthesizer V",video,"['mediumpurple', 'black', 'plum', 'dodgerblue', 'darkslateblue']",192
179,179,kIAk68iNMrY,【花隈千冬】Holding Hands In the Sunset【オリジナル】,223,2023-04-21,Music,legata,699.0,"ボカロ, 花隈千冬, synthesizerV, 花隈千冬オリジナル曲, Chifuyu, Hanakuma, ボカロバラード",video,"['tan', 'black', 'slategray', 'dimgray', 'darkolivegreen']",266
180,180,v3unqnO6Njg,Da Da Dawn / Twinfield feat. 花隈千冬,32101,2023-04-21,Music,Twinfield Official,24800.0,"video, sharing, camera phone, video phone, free, upload",video,"['darkslategray', 'gainsboro', 'darkgray', 'lightslategray', 'lightsteelblue']",230
181,181,7cEiuEXhO-A,なないろパレット(Piano Strings Arrange)/ナナイログラム  feat.花隈千冬,193,2023-04-21,Music,ナナイログラム,50.0,"ナナイログラム, #VOCALOID​, ボーカロイド, ボカロ, UCYPx-wRO_v0HvYha4NMrsyw, なないろパレット, 花隈千冬, ボカロ 新曲, 歌詞動画, ボカロmv, #vocaloid​, Ciδer, catacleco, 雨宮ミト, ナエギノP",video,"['black', 'lavender', 'turquoise', 'slategray', 'rosybrown']",91
182,182,iesw8StjbrM,なないろパレット(Piano Strings Arrange)/ナナイログラム  feat.花隈千冬 #shorts,133,2023-04-21,Music,ナナイログラム,50.0,"ナナイログラム, #VOCALOID​, ボーカロイド, ボカロ, UCYPx-wRO_v0HvYha4NMrsyw, なないろパレット, 花隈千冬, ボカロ 新曲, 歌詞動画, ボカロmv, #vocaloid​, Ciδer, catacleco, 雨宮ミト, ナエギノP",short,"['darkslategray', 'powderblue', 'lightskyblue', 'lightslategray', 'lightslategray']",28
183,183,35WKt1WyxOg,Imitation Punishment / feat. 花隈千冬,137,2023-04-21,Gaming,CUE,362.0,"video, sharing, camera phone, video phone, free, upload",video,"['black', 'gainsboro', 'gray', 'gray', 'gray']",204
184,184,qwY7bjE7HiY,いのくち(inokuchi) - aruita feat. 花隈千冬,210,2023-04-22,Music,いのくち (inokuchi),832.0,"video, sharing, camera phone, video phone, free, upload",video,"['antiquewhite', 'black', 'indianred', 'peru', 'slategray']",153
185,185,69GAgPpkGnY,【花隈千冬＆初音ミク】白藤【オリジナル】,137,2023-04-22,Music,legata,699.0,"VOCALOID, SynthesizerV, 初音ミク, 花隈千冬, 和風曲, HatsuneMiku, HanakumaChifuyu",video,"['lavender', 'black', 'dimgray', 'gray', 'steelblue']",280
186,186,FgJOyz2qajY,春去音 / Watashi feat.花隈千冬＆小春六花,1156,2023-04-22,Music,Wa tashi,391.0,"video, sharing, camera phone, video phone, free, upload",video,"['black', 'skyblue', 'cadetblue', 'powderblue', 'dimgray']",158
187,187,E7tcrXxpBk4,RE:write feat.花隈千冬,118,2023-04-22,Music,SOLITUDE,1560.0,"video, sharing, camera phone, video phone, free, upload",video,"['limegreen', 'black', 'gainsboro', 'gray', 'darkgray']",180
188,188,XrPp7BWJTKg,朝の渦 / 花隈千冬【Synthesizer V】,205,2023-04-22,Music,フライングリャマ温泉芸術,96.0,"video, sharing, camera phone, video phone, free, upload",video,"['darkslategray', 'darkgray', 'gray', 'dimgray', 'gray']",354
189,189,7tUIFpWv56A,Sceno Ichiro - VIOLET feat. 花隈千冬,1833,2023-04-25,Music,Sceno Ichiro,852.0,"video, sharing, camera phone, video phone, free, upload",video,"['black', 'gainsboro', 'dimgray', 'rosybrown', 'dimgray']",344
190,190,lSwohUekCOE,【花隈千冬】パワハラ訴訟【SynthV オリジナル曲】,125,2023-04-25,People \u0026 Blogs,TJはゼロで割られたい,18.0,"video, sharing, camera phone, video phone, free, upload",video,"['gainsboro', 'black', 'crimson', 'indianred', 'dimgray']",140
191,191,TRG2PCADvjg,アルテミス / 時間泥棒 feat. 花隈千冬,192,2023-04-26,Music,時間泥棒,1170.0,"ボカロピアノ, オリジナル曲, SynthesizerV, 花隈千冬, 時間泥棒, アルテミス",video,"['midnightblue', 'lightgray', 'lightslategray', 'dimgray', 'dimgray']",92
192,192,nhBItkIesAI,花隈千冬 /幸せなんだ。(synthe vオリジナル曲) Happiness feat.Chifuyu Hanakuma (Synthesizer v),344,2023-04-26,Music,ゆまま,1080.0,"初音ミク, ボカロ, aimusic, 小春六花, 夏色花梨, yoasobi, アイドル, 堀江晶太, ギミレボ, ゆゆうた, キスのひとつで, イキスギ, オオイシマサヨシ, ハルヒ, vtuber, オリジナル曲",video,"['black', 'wheat', 'gray', 'rosybrown', 'rosybrown']",181
193,193,L7pVpwie93k,【重音テトAI】Δυστροφία=Καταστροφή【花隈千冬】,304,2023-04-27,Music,由乃てゃんはボカロP,3070.0,"重音テトオリジナル曲, UTAU, Δυστροφία, Καταστροφή, ヂストロフィア=カタストロフェ, dilemma, synthesizerv, synthesizervオリジナル曲, vocaloidオリジナル曲, 由乃, Yoshino, 由乃てゃん, てゃん, えりふら, 結姫立夏, デストルドー, ボカロP, ボカロ, VOCALOID, ボカコレ, 初音ミク, 重音テト, 花隈千冬, MikuHatsune, TetoKasane, ChifuyuHanakumaOriginal Song",video,"['black', 'dimgray', 'darkslategray', 'dimgray', 'darkolivegreen']",248
194,194,T4_izhG5bAU,「親不知」feat.花隈千冬【MV】,4083,2023-04-28,Music,metamol,1980.0,"Suchmos, King Gnu, ずっと真夜中でいいのに, 須田景凪, sekai no owari, Vaundy, PERIMETRON, Tempalay, Mr. Green Apple, RADWIMPS, BUMP OF CHIKEN, 米津玄師, ナナヲアカリ, ずとまよ, シンガーソングライター, ヒトリエ, バンド, インディーズ, Neru, まふまふ, sajou no hana, 神様, 僕は気づいてしまった, 神僕, 神山羊, ヨルシカ, 有機酸, yama, Ado, くじら, バルーン, シャルル, キングヌー, ユアネス, ポルカドットスティングレイ, カネコアツシ, エジマハルシ, ドミコ, domico, はるまきごはん, Eve, Sou, 呪術廻戦, 夏油, 人間みたいね, Rainy, 鏡音リン, 初音ミク, 花譜, 小林私, 美波, THE BINARY, 煮ル果実, DUSTCELL, ALI, チェーンソーマン, 笹川真緒, 南雲ゆうき, n-buna, Awsome City Club, 藤井風, キタニタツヤ, vocaloid, ボカロ, 可不, かふ, kafu, 花隈千冬, 千冬, Chihuyu, SynthesizerV",video,"['black', 'silver', 'gray', 'indianred', 'gray']",177
195,195,RJQpJQbzwos,妖艶ましろ（オリジナル楽曲）feat 花隈千冬,201,2023-04-28,Film \u0026 Animation,a-sya (アーシャ),334.0,Wondershare Filmora,short,"['dimgray', 'black', 'lightgray', 'darksalmon', 'plum']",198
196,196,B_mki71g0X0,無題 (Re arranged) - お餅 feat.花隈千冬,281,2023-04-30,Music,,583.0,"可不, kafu, 花譜, kaf, 花隈千冬, はなくまちふゆ, chifuyu, ボーカロイド, VOCALOID, ボカロ, お餅, おもち, オモチ, ricecake, 無題, むだい, notitle",video,"['black', 'gainsboro', 'dimgray', 'gray', 'dimgray']",240
197,197,Z2IwLWfQgRc,"溶けた夏 / cana feat.花隈千冬, 初音ミク",175,2023-05-02,People \u0026 Blogs,cana,50.0,"video, sharing, camera phone, video phone, free, upload",video,"['black', 'gainsboro', 'dimgray', 'gray', 'dimgray']",160
198,198,LAPPzruyGwM,【花隈千冬】「Ciel（Short Ver.）」作詞・作曲・編曲／仙道アリマサ　Synthesizer V ボカロ ボーカロイド VOCALOID,300,2023-05-04,Music,仙道アリマサ,669.0,"video, sharing, camera phone, video phone, free, upload",video,"['lightgray', 'black', 'steelblue', 'skyblue', 'dimgray']",106
199,199,k5FTg13w-5Q,席替えこわい/花隈千冬【オリジナル曲】,3331,2023-05-05,People \u0026 Blogs,,4640.0,"video, sharing, camera phone, video phone, free, upload",video,"['lightpink', 'black', 'dimgray', 'saddlebrown', 'sienna']",205
200,200,NjQWkf2Xzoc,いのくち(inokuchi) - 幻の旅計画 feat. 花隈千冬,190,2023-05-06,Music,いのくち (inokuchi),832.0,"video, sharing, camera phone, video phone, free, upload",video,"['midnightblue', 'lightgray', 'dimgray', 'cornflowerblue', 'indianred']",147
201,201,pndqqsj-wYw,Liar naiL / 風原 feat. 花隈千冬,2797,2023-05-06,Entertainment,風原の音置き場,2000.0,"video, sharing, camera phone, video phone, free, upload",video,"['black', 'silver', 'dimgray', 'dimgray', 'dimgray']",190
202,202,2ERK0JZti98,なのか / 小春六花×夏色花梨×花隈千冬【SynthesizerV】,201,2023-05-06,Music,止 由TodomeYui,59.0,"video, sharing, camera phone, video phone, free, upload",video,"['darkslategray', 'orchid', 'dimgray', 'darkorchid', 'slategray']",215
203,203,kmoMAftV760,『Hope』Wide Blue feat.花隈千冬（synthesizerV）,288,2023-05-06,People \u0026 Blogs,Wide Blue,47.0,"ボカロ, オリジナル曲, synthesizer, 花隈千冬",video,"['black', 'skyblue', 'gainsboro', 'cornflowerblue', 'gray']",210
204,204,oONN36Baby0,低空飛行 / 花隈千冬,207,2023-05-06,Music,遺作シユウ,98.0,"DAW, DTM, music, studioone, synthesizerv, vocaloid, オリジナル曲, ボカロ, ボーカロイド, 作曲, 作詞, 春, 花隈千冬, 音楽",video,"['darkgray', 'black', 'gray', 'gray', 'gray']",78
205,205,foDijWqP19c,Star’t Line feat.花隈千冬,746,2023-05-08,Music,SOLITUDE,1560.0,"video, sharing, camera phone, video phone, free, upload",video,"['silver', 'black', 'cadetblue', 'dimgray', 'dimgray']",266
206,206,9pdrQS8S838,綾垣航 / run away feat. 花隈千冬（Short Ver.）,526,2023-05-09,Music,綾垣航,52.0,"DTM, オリジナル曲, VOCALOID, SynthesizerV, 花隈千冬, ボカロ, DTM, オリジナル曲, VOCALOID, SynthesizerV, 花隈千冬, ボカロ",video,"['lightblue', 'black', 'dimgray', 'slategray', 'dimgray']",71
207,207,G4XkFubFy4E,シャングリラ / 花隈千冬,405,2023-05-10,People \u0026 Blogs,あねむ,50.0,"video, sharing, camera phone, video phone, free, upload",video,"['indianred', 'black', 'rosybrown', 'brown', 'plum']",140
208,208,9BdHnPFPhjg,白雪中毒 / 花隈千冬,10415,2023-05-10,Music,三上加味 Kami Mikami,2520.0,"video, sharing, camera phone, video phone, free, upload",video,"['black', 'silver', 'darkolivegreen', 'lightslategray', 'lightslategray']",123
209,209,mwioQ013HoE,【慟哭グランギニョル / feat : 花隈千冬】/ jun fukuda,5154,2023-05-11,Music,福田 潤 ※himself,826.0,"jun fukuda, 変拍子, ボカロ, synthsizer V, 歌声ソフト",video,"['gainsboro', 'black', 'gray', 'dimgray', 'gray']",187
210,210,3zzglf3s-f4,『ひかりもとめて』MAMIZU feat.花隈千冬 #shorts,320,2023-05-12,Music,MAMIZU,671.0,"花隈千冬, synthesizerv, オリジナル曲",short,"['black', 'chocolate', 'saddlebrown', 'gray', 'gray']",30
211,211,kTw20uHx4k4,【花隈千冬＆初音ミク】Space Tripper【オリジナル】,148,2023-05-12,Music,legata,699.0,"VOCALOID, SynthesizerV, 初音ミク, 花隈千冬, Miku, Hatsune, Chifuyu, Hanakuma, VOCALOIDオリジナル曲, ミクオリジナル曲, 花隈千冬オリジナル曲, ボカロ, 星のうた",video,"['darkslategray', 'lightgray', 'cornflowerblue', 'slategray', 'skyblue']",264
212,212,RJoWzgO9Ykk,【MV】春の夢 feat.花隈千冬,10757,2023-05-14,Music,白晝堂々,1860.0,"video, sharing, camera phone, video phone, free, upload",video,"['darkslategray', 'silver', 'darkgray', 'gray', 'lightslategray']",277
213,213,MaMcOPzomdQ,【花隈千冬】Afternoon Melty Time/41.203Hz【Synthesizer V AI】,10,2023-05-16,People \u0026 Blogs,41.203Hz,3.0,"video, sharing, camera phone, video phone, free, upload",video,"['black', 'hotpink', 'mediumvioletred', 'mediumvioletred', 'mediumvioletred']",100
214,214,RdQqFPnxf_M,【花隈千冬】はだしのシンデレラ/41.203Hz【Synthesizer V AI】,13,2023-05-16,People \u0026 Blogs,41.203Hz,3.0,"video, sharing, camera phone, video phone, free, upload",video,"['gray', 'black', 'thistle', 'gray', 'gray']",84
215,215,Y4IhpnJeYIU,何待ち？ / 時間泥棒 feat. 花隈千冬,458,2023-05-17,Music,時間泥棒,1170.0,"SynthesizerV, 花隈千冬, オリジナル曲, VOCALOID, 時間泥棒",video,"['gray', 'black', 'darkslategray', 'darkslategray', 'darkslategray']",81
216,216,W6jCE_1Ag54,アリス/花隈千冬【オリジナル曲】,737,2023-05-18,People \u0026 Blogs,空想 / 空次郎,171.0,"オリジナル曲, 花隈千冬, 音楽, Synthesizer V, シンセサイザーV",video,"['cornflowerblue', 'black', 'gainsboro', 'darkslategray', 'dimgray']",185
217,217,0GnNkprOJxA,【オリジナル】星のダンス【小春六花・夏色花梨・花隈千冬】,51,2023-05-18,Music,異空間Z | P,1770.0,"video, sharing, camera phone, video phone, free, upload",video,"['silver', 'black', 'darkgray', 'steelblue', 'dimgray']",202
218,218,CjOHkYs0Sgg,いのくち(inokuchi) -  わたしでした feat. 小春六花 花隈千冬,224,2023-05-20,Music,いのくち (inokuchi),832.0,"video, sharing, camera phone, video phone, free, upload",video,"['bisque', 'black', 'sienna', 'darkgray', 'gray']",169
219,219,rWzN62SQbMs,ユータナジーの舟 feat. 花隈千冬 小春六花,596,2023-05-20,People \u0026 Blogs,渡邊里佳子,24.0,"video, sharing, camera phone, video phone, free, upload",video,"['black', 'lightgray', 'dimgray', 'slategray', 'dimgray']",199
220,220,w_6pcsTkYLE,あなたの名前を叫べばよかった / DJ Dohetaro feat. 花隈千冬,1419,2023-05-20,Music,,1230.0,"EDM, ボーカロイド, ボカロ曲, Vocaloid",video,"['lightgray', 'black', 'gray', 'darkgray', 'darkgray']",222
221,221,tywaaZK-9P4,【初音ミク＆花隈千冬】Speechless【オリジナル】,242,2023-05-20,Music,legata,699.0,"VOCALOID, SynthesizerV, 初音ミク, 花隈千冬, VOCALOIDオリジナル曲, ミクオリジナル曲, SynthesizerVオリジナル曲, 花隈千冬オリジナル曲, ボカロ, ボカロバラード",video,"['darkslategray', 'gainsboro', 'darkseagreen', 'gray', 'lightslategray']",194
222,222,l252QXCjBM8,カテドラル　花隈千冬,760,2023-05-20,Music,村国イアリ,715.0,"video, sharing, camera phone, video phone, free, upload",video,"['black', 'lavender', 'crimson', 'mediumturquoise', 'darkslateblue']",154
223,223,1XrRGegomXE,【ｱｲｽｸﾘｰﾑ you scream / feat : 花隈千冬】/ jun fukuda,7380,2023-05-25,Music,福田 潤 ※himself,826.0,"jun fukuda, 変拍子, ボカロ, synthsizer V, 歌声ソフト, vocaloid",video,"['lightcoral', 'black', 'slategray', 'darkgray', 'dimgray']",187
224,224,Rue16TU-CbM,キミノタメノウタ　feat.花隈千冬,389,2023-05-27,Music,SOLITUDE,1560.0,"video, sharing, camera phone, video phone, free, upload",video,"['mediumturquoise', 'black', 'thistle', 'dimgray', 'darkslategray']",252
225,225,uBSCerk_eO0,【花隈千冬AI】飲みたくないわ,47,2023-05-28,Music,MAKOTO T.,295.0,"給食, 牛乳, 骨粗鬆症",video,"['gainsboro', 'black', 'peru', 'dimgray', 'seagreen']",315
226,226,fo8WWsr4NMs,「価値の器」feat.花隈千冬【MV】,7806,2023-05-30,Music,metamol,1980.0,"Suchmos, King Gnu, ずっと真夜中でいいのに, 須田景凪, sekai no owari, Vaundy, PERIMETRON, Tempalay, Mr. Green Apple, RADWIMPS, BUMP OF CHIKEN, 米津玄師, ナナヲアカリ, ずとまよ, シンガーソングライター, ヒトリエ, バンド, インディーズ, Neru, まふまふ, sajou no hana, 神様, 僕は気づいてしまった, 神僕, 神山羊, ヨルシカ, 有機酸, yama, Ado, くじら, バルーン, シャルル, キングヌー, ユアネス, ポルカドットスティングレイ, カネコアツシ, エジマハルシ, ドミコ, domico, はるまきごはん, Eve, Sou, 呪術廻戦, 夏油, 人間みたいね, Rainy, 鏡音リン, 初音ミク, 花譜, 小林私, 美波, THE BINARY, 煮ル果実, DUSTCELL, ALI, チェーンソーマン, 笹川真緒, 南雲ゆうき, n-buna, Awsome City Club, 藤井風, キタニタツヤ, vocaloid, ボカロ, 可不, かふ, kafu, 花隈千冬, 千冬, Chihuyu, SynthesizerV",video,"['black', 'darkgray', 'dimgray', 'lightslategray', 'gray']",125
227,227,seAepvcxLsM,"Unicorn / 花隈千冬, 小春六花",161,2023-05-30,Music,kaami,32300.0,"video, sharing, camera phone, video phone, free, upload",video,"['gainsboro', 'black', 'dimgray', 'slategray', 'dimgray']",162
228,228,ajcDmD6F_4Q,Strawberry Pot.  / Otobono feat. 花隈千冬 【Music Video】,937,2023-06-01,Music,Otobono,276.0,"video, sharing, camera phone, video phone, free, upload",video,"['antiquewhite', 'black', 'saddlebrown', 'peru', 'darkolivegreen']",267
229,229,j6-h1vK2yN4,ぜんぶ忘れない/花隈千冬（オリジナル曲）,209,2023-06-01,Music,すうぃーと♡みゅうみゅうch,1550.0,"video, sharing, camera phone, video phone, free, upload",video,"['lavender', 'black', 'dimgray', 'gray', 'dimgray']",132
230,230,omLoK4qRAFg,【花隈千冬ちゃん】マーブルナイト【Synthesizer V オリジナル曲】,283,2023-06-02,Music,no_20,19.0,"SynthesizerV, 花隈千冬, オリジナル曲",video,"['darkslategray', 'lightslategray', 'lightgray', 'darkgray', 'darkgray']",326
231,231,sHMtzoQU2-k,深く / mof. 【 花隈千冬 】,523,2023-06-02,Music,mof.,2560.0,"作業用BGM, 花隈千冬, 作業用BGM, 花隈千冬",video,"['steelblue', 'black', 'darkslateblue', 'lightblue', 'lightsteelblue']",215
232,232,06yJlhybVFs,【MV的な】12月25日 / 竹モチfeat.花隈千冬,101,2023-06-04,Music,竹モチ,47.0,"竹モチ, オリジナル曲, DTM, 花隈千冬, Synthesizer V",video,"['black', 'lightslategray', 'gray', 'darkslateblue', 'cadetblue']",225
233,233,mzSPd4bl8Ww,NeE/花隈千冬,370,2023-06-05,Music,hana 20,399.0,"VOCALOID, ボーカロイド, ボカロ, ミク, シャフト, シャフ度, アニメ, 声優, Voice, ダイアローグ, モノローグ, 台本, アドリブ, オーケストラ, バイオリン, チェロ, ビオラ, orchestra, 花隈千冬, Synthesizer V AI, Hanakuma Chihuyu, Hanakuma Tihuyu, ニラレバ, 中華, 王将",video,"['black', 'cornflowerblue', 'lightblue', 'steelblue', 'gray']",186
234,234,GWME2zKSOFs,その日ペンギンは離陸する feat. 花隈千冬 / notch_tang【Synthesizer V オリジナル曲】,3009,2023-06-06,Music,ノチタ@notch_tang,319.0,"花隈千冬, SynthesizerV, オリジナル曲, ボカロ, VOCALOID, notch_tang",video,"['lightblue', 'black', 'darkslategray', 'dimgray', 'slategray']",239
235,235,baZx5DIYHek,フロックス / 花隈千冬,1496,2023-06-06,Music,take4its,443.0,"花隈千冬, SynthesizerV, SynthV, フロックス, TOKYO6, 花隈千冬 オリジナル",video,"['black', 'gainsboro', 'darkgray', 'lightslategray', 'indianred']",197
236,236,RfRyz0osogs,リミテッドパーフェクション (feat.花隈千冬),548,2023-06-06,People \u0026 Blogs,dramatic cider,148.0,"video, sharing, camera phone, video phone, free, upload",video,"['plum', 'black', 'dimgray', 'dimgray', 'darkolivegreen']",171
237,237,osZTbyNFXZU,NEON feat.花隈千冬【オリジナル楽曲】,256,2023-06-06,Music,スコーン,8.0,"synthsezierV, 花隈千冬, ボカロ, オリジナル楽曲",video,"['darkslateblue', 'black', 'plum', 'slateblue', 'lightsteelblue']",180
238,238,VK4ixmNhI3I,Key / Teq˙-˙ feat.花隈千冬,260,2023-06-07,Music,Teq ˙-˙,20.0,"花隈千冬, ボカロ, オリジナル曲, 花隈千冬オリジナル曲, ボーカロイド, VOCALOID, ピアノ, Key, Teq",video,"['lightblue', 'black', 'dodgerblue', 'darkslateblue', 'cornflowerblue']",251
239,239,Ch8A_N4R0wI,迂闊 / 時間泥棒 feat. 花隈千冬,101,2023-06-07,Music,時間泥棒,1170.0,"SynthesizerV, 花隈千冬, オリジナル曲, VOCALOID, 時間泥棒",video,"['darkgray', 'black', 'dimgray', 'darkslategray', 'dimgray']",80
240,240,hHJpxBXGbN8,音花 / Otohana 【Chifuyu and Miii / 花隈千冬と私】,127,2023-06-08,Music,Miii,31.0,"花隈千冬, Synthesizer V, Synthesizer V AI, 初音ミクと私, Miku and Miii, Miiii, 天星, Tensei, Hanakuma, Chifuyu, Chifuyu and Miiii, Otohana, 音花",video,"['gainsboro', 'black', 'dimgray', 'slategray', 'lightslategray']",178
241,241,q8DOQsALjA8,ボウリング場で待っているから【初音ミク・小春六花・花隈千冬オリジナル曲】,87,2023-06-08,Music,たのしい生物のじかん(unui),244.0,"video, sharing, camera phone, video phone, free, upload",video,"['palegoldenrod', 'skyblue', 'black', 'olivedrab', 'darkslateblue']",216
242,242,A5RNInhk7kQ,scent (feat.花隈千冬),1996,2023-06-08,Music,savogy,86.0,"video, sharing, camera phone, video phone, free, upload",video,"['lightgray', 'black', 'lightslategray', 'dimgray', 'dimgray']",266
243,243,UONmYizgvcg,その場しのぎの夜に / 花隈千冬,1350,2023-06-09,Music,,26.0,"その場しのぎの夜に, 美忘録, 花隈千冬, ボカロ, すっと真夜中でいいのに, YOASOBI",video,"['black', 'lightsteelblue', 'dimgray', 'gainsboro', 'dimgray']",214
244,244,oJ5sABUijS0,【オリジナル曲】ステージ feat.花隈千冬,5654,2023-06-09,People \u0026 Blogs,ザピお,479.0,"#ボーカロイド, ＃花隈千冬, #ボカロック投稿祭, ボーカロイド, 花隈千冬, ボカロック, Synthesizer V, オリジナル曲, ボーカロイドオリジナル曲, ザピお",video,"['darkslategray', 'burlywood', 'gray', 'darkgray', 'lightslategray']",266
245,245,0KABFiXfOFg,hydrangea（feat.花隈千冬）,379,2023-06-09,Music,Release - Topic,,"mar feat.Hanakuma Chifuyu, mar feat.花隈千冬, hydrangea(feat.Hanakuma Chifuyu)",video,"['black', 'darkkhaki', 'yellowgreen', 'olivedrab', 'lightslategray']",264
246,246,QFz9mXzFbhM,【花隈千冬AI】空を見上げて,78,2023-06-10,Music,MAKOTO T.,295.0,"開放的, 現実逃避, オリジナル曲",video,"['lightgray', 'black', 'royalblue', 'dimgray', 'skyblue']",289
247,247,zlfbBF9Xzro,ag feat. 花隈千冬 - Crowd,667,2023-06-10,Music,ag,447.0,"video, sharing, camera phone, video phone, free, upload",video,"['black', 'lightblue', 'skyblue', 'dimgray', 'lightslategray']",296
248,248,PKbVY8AAQQ8,【花隈千冬】焦燥と幸福 【オリジナル楽曲】 【Synthesizer V】,154,2023-06-12,Music,ブルリコ ch.  Blue Recollection.,60.0,"Synthesizer V, シンセサイザーｖ, オリジナル, オリジナル楽曲, VOCALOID, ボーカロイド, ボカロ, しらたま, 花隈千冬, hanakumachihuyu, 焦燥と幸福, しらたま工房, 朝日",video,"['tan', 'black', 'steelblue', 'cornflowerblue', 'dimgray']",330
249,249,1O_FrAI16xs,5月病は終わらない/花隈千冬【オリジナル曲】,4155,2023-06-13,People \u0026 Blogs,,4640.0,"video, sharing, camera phone, video phone, free, upload",video,"['royalblue', 'black', 'gainsboro', 'mediumaquamarine', 'dimgray']",199
250,250,if2SYLzFDMM,実際 / park ft. 花隈千冬lite,146,2023-06-13,Music,,116.0,"オリジナル曲, original song, Hanakuma Chifuyu, hanakuma chifuyu ai, hanakuma chifuyu ai lite, hanakuma chifuyu lite, synthv, original synthv song, じっさい, ジッサイ, jissai",short,"['black', 'gray', 'darkolivegreen', 'dimgray', 'dimgray']",71
251,251,xAY-HL5u3Gg,サーカス feat.花隈千冬,80,2023-06-15,Music,Kuramoto Satoshi,86.0,"VOCALOID, SynthesizerV, 花隈千冬",video,"['black', 'yellow', 'red', 'royalblue', 'forestgreen']",272
252,252,8zSAgAqX25E,頑張れって言わないで!!/花隈千冬【オリジナル曲】,3027,2023-06-16,People \u0026 Blogs,ハン.,4640.0,"video, sharing, camera phone, video phone, free, upload",video,"['sandybrown', 'black', 'gainsboro', 'saddlebrown', 'dimgray']",9
253,253,6pwfexzOdRE,【SynthesizerVオリジナル曲】青春プレスト【小春六花·夏色花梨·花隈千冬】,471,2023-06-16,Music,君臨德雷克,1500.0,"SynthesizerV, オリジナル曲, 小春六花, 夏色花梨, 花隈千冬",video,"['antiquewhite', 'black', 'lightsteelblue', 'gray', 'dimgray']",216
254,254,UaUUcFAyngA,絆が絡みつく【花隈千冬オリジナル曲】,174,2023-06-16,Music,たのしい生物のじかん(unui),244.0,"video, sharing, camera phone, video phone, free, upload",video,"['midnightblue', 'gainsboro', 'darkslateblue', 'steelblue', 'skyblue']",204
255,255,TF1USGQFzFY,君を探してる/花隈千冬（オリジナル曲）,200,2023-06-16,Music,すうぃーと♡みゅうみゅうch,1550.0,"video, sharing, camera phone, video phone, free, upload",video,"['tan', 'darkslategray', 'black', 'steelblue', 'cornflowerblue']",194
256,256,Hq7UrirFMZI,【狂奏のスケルツォ / feat : 花隈千冬】/ jun fukuda,5246,2023-06-16,Music,福田 潤 ※himself,826.0,"jun fukuda, 変拍子, ボカロ, synthsizer V, 歌声ソフト, vocaloid",video,"['black', 'antiquewhite', 'gray', 'dimgray', 'gray']",187
257,257,WJy62K16IAw,いのくち(inokuchi) - 君は見せないで feat. 花隈千冬 (cut_12_mix),163,2023-06-17,Music,いのくち (inokuchi),832.0,"video, sharing, camera phone, video phone, free, upload",video,"['black', 'thistle', 'dimgray', 'sienna', 'gray']",135
258,258,luZkMBl9i8o,尊吐露死/花隈千冬,219,2023-06-17,Music,,461.0,"video, sharing, camera phone, video phone, free, upload",video,"['darkslategray', 'powderblue', 'steelblue', 'skyblue', 'steelblue']",199
259,259,Nmik0QjWpPc,メグル / 花隈千冬,693,2023-06-17,Music,ryo-shun / schilf.,530.0,"vocaloid, rock, ryo-shun, vocarock, ボーカロイド, 邦ロック, ボカロ, 新曲, エモ, ラウド, emo, loud, オルタナ, ネムルキミヘ, black≠white, ボカコレ, vocaloidcollection, ボッカデラベリタ, 真実の口, 柊キライ, Japanese rock, buzzG, AGAINST, 青春少女とスクリーモ, 青春, Youth girl, screamo, 終焉逃避行, 柊マグネタイト, LEVEREVE, JP, GUMI生誕祭, umamusume, ウマ娘, ウマ娘プリティダービー, トウカイテイオー, winning the soul, 深海少女, ゆうゆ, 正面衝突, ツミキ, フォニイ, Re:animate, Reanimate, さよなら, アストレア, さよならアストレア, アストラエア, Astraea, ラヴリーP, VOiCE, マーシャル・マキシマイザー, カノン, ゆよゆっぺ, Hope, 宮口カイライ, シンセサイズ・ポリフェイジア, After the rain, そらる, まふまふ, 四季折々に揺蕩いて, メグル, ふかみ祭, 酩酊堂, イラスト統一祭",video,"['darkslategray', 'powderblue', 'skyblue', 'steelblue', 'steelblue']",335
260,260,uondvWZ6_rw,雨粒のエピツク  【花隈千冬】【オリジナル/MV】【Melodic Dubstep】,684,2023-06-17,Music,Kininaru Omocha,900.0,"ボカロ, Vocaloid, CeVio, UTAU, NEUTRINO, SynthsizerV, 花隈千冬, Dubstep, ダブステップ, EDM, Electro, エレクトロ, メロディックダブステップ, Melodic Dubstep, Brostep, ブロステップ, Massive, Serum, DTM",video,"['black', 'lightblue', 'steelblue', 'cadetblue', 'skyblue']",238
261,261,torYoTOLvEE,【花隈千冬】Graffiti【Kumaika】,132,2023-06-17,Music,くまいか,82.0,"花隈千冬, SynthesizerV",video,"['lightsteelblue', 'black', 'slategray', 'darkslateblue', 'dimgray']",228
262,262,XuRGdge8fvE,【花隈千冬】滲ム雨【SynthesizerVオリジナル曲】,107,2023-06-17,People \u0026 Blogs,,18.0,"video, sharing, camera phone, video phone, free, upload",video,"['darkslategray', 'lightgray', 'dimgray', 'darkgray', 'lightslategray']",94
263,263,BOHdQx8wQUQ,joRi ワタシノコイ feat.花隈千冬,45,2023-06-18,Music,joRi,16.0,"DTM, ボカロ, 流行りの歌",video,"['black', 'dimgray', 'gray', 'steelblue', 'lightslategray']",210
