,id,title,thumbnails,views,likes,dislikes,publishdate,category,channel_name,subscriber,keywords
0,_AMnMpBOcyY,【花隈千冬】CeVIO AIトークボイス サンプル音声（開発中音源）,https://i.ytimg.com/vi/_AMnMpBOcyY/hqdefault.jpg?sqp=-oaymwEbCKgBEF5IVfKriqkDDggBFQAAiEIYAXABwAEG\u0026rs=AOn4CLAaATt7PV11vx81p8JHZeMJPFvkLA,22145,,,2022-06-19,Entertainment,TOKYO6 ENTERTAINMENT,4.18K,"花隈千冬, CeVIO_AI, 奥野香耶"
1,8rVh4rQg-JI,【古川本舗】あいにいく【花隈千冬 公式デモソング】,https://i.ytimg.com/vi/8rVh4rQg-JI/hqdefault.jpg?sqp=-oaymwEbCKgBEF5IVfKriqkDDggBFQAAiEIYAXABwAEG\u0026rs=AOn4CLAWdlLxA56cHfYzbMs6Y5eoYkKzEg,35722,,,2022-10-19,Entertainment,TOKYO6 ENTERTAINMENT,4.18K,"video, sharing, camera phone, video phone, free, upload"
2,EtEqGWNJ6zM,"小さな恋 (sung by Chifuyu Hanakuma, 花隈千冬)",https://i.ytimg.com/vi/EtEqGWNJ6zM/hqdefault.jpg?sqp=-oaymwEbCKgBEF5IVfKriqkDDggBFQAAiEIYAXABwAEG\u0026rs=AOn4CLDzHycdhpwJtx5wmmsqzyLFAZ_NTA,162,,,2022-10-19,Music,Rioリョウ,53,"花隈千冬, Tokyo6, SynthesizerV, Hanakuma, Chifuyu, Vocaloid, 小さな恋"
3,FzgQyJ_Fe0g,翠色のヒストリア feat. 花隈千冬,https://i.ytimg.com/vi/FzgQyJ_Fe0g/hqdefault.jpg?sqp=-oaymwEbCKgBEF5IVfKriqkDDggBFQAAiEIYAXABwAEG\u0026rs=AOn4CLA5sF6YNVZkpW9LA7OvYf9zErbMAA,1093,,,2022-10-19,Music,Yori / Sodalite Lab.,449,"花隈千冬, 小春六花, 夏色花梨, TOKYO6, 花隈千冬オリジナル曲, Yori, Sodalite Lab., Hanakuma, Chihuyu, Vocaloid"
4,GegE-pknwyM,【花隈千冬】代赭色の曇り空から【オリジナル曲】,https://i.ytimg.com/vi/GegE-pknwyM/hqdefault.jpg?sqp=-oaymwE1CKgBEF5IVfKriqkDKAgBFQAAiEIYAXABwAEG8AEB-AH-CYAC0AWKAgwIABABGHIgOChYMA8=\u0026rs=AOn4CLBSMPdUmHxIwvR4JCHDOoemF9WwFg,719,,,2022-10-19,Music,野良犬P  NorainuP,710,"Synthesizer V, SynthV, VOCALOID, 花隈千冬, Hanakuma Chifuyu, VocalSynth, Vocal Synth, 小樽コラボ"
5,S06Z2KQsuZU,ツギハギビート / 風原 feat. 花隈千冬,https://i.ytimg.com/vi/S06Z2KQsuZU/hqdefault.jpg?sqp=-oaymwEbCKgBEF5IVfKriqkDDggBFQAAiEIYAXABwAEG\u0026rs=AOn4CLDkrVhmgRjcJ9eUt8RF42CTmnasZg,13393,,,2022-10-19,Entertainment,風原の音置き場,2K,"video, sharing, camera phone, video phone, free, upload"
6,ImhtYxQaQX8,【花隈千冬】さよならの足音【オリジナル曲】,https://i.ytimg.com/vi/ImhtYxQaQX8/hqdefault.jpg?sqp=-oaymwE1CKgBEF5IVfKriqkDKAgBFQAAiEIYAXABwAEG8AEB-AH-CYAC0AWKAgwIABABGFggXShlMA8=\u0026rs=AOn4CLBIb61oWBfSqQP6uRUNS4pKIx5_zA,13361,,,2022-10-19,Music,野良犬P  NorainuP,710,"VOCALOID, SynthV, SynthesizerV, Synthesizer V, 花隈千冬, Hanakuma Chifuyu, オリジナル曲, Original Song, 野良犬P"
7,pRh0AZ4Z-bM,『ヒメタルネ』 feat.花隈千冬【Synthesizer V AI】by 湊いつき,https://i.ytimg.com/vi/pRh0AZ4Z-bM/hqdefault.jpg?sqp=-oaymwEbCKgBEF5IVfKriqkDDggBFQAAiEIYAXABwAEG\u0026rs=AOn4CLCaKX2C6vnjisHnburaBsO38NOhNA,21229,,,2022-10-19,Music,湊いつき,2.16K,"video, sharing, camera phone, video phone, free, upload"
8,UWlg632RaRs,ひらりしあわせ / きっくす feat.花隈千冬【SynthesizerV】,https://i.ytimg.com/vi/UWlg632RaRs/hqdefault.jpg?sqp=-oaymwEbCKgBEF5IVfKriqkDDggBFQAAiEIYAXABwAEG\u0026rs=AOn4CLCL2phvonFA3PTk4OXku9hqUZKQuA,2333,,,2022-10-19,Music,きっくす(studio biotope),629,"y.szk, kikkusu"
9,gdP7UMc3LFs,Step by Jump / 序論 feat. 花隈千冬,https://i.ytimg.com/vi/gdP7UMc3LFs/hqdefault.jpg?sqp=-oaymwEbCKgBEF5IVfKriqkDDggBFQAAiEIYAXABwAEG\u0026rs=AOn4CLA1c-WtwJJZsK-YAI3xNarIut7ejg,251,,,2022-10-19,Music,序論,50,"花隈千冬, 花隈千冬オリジナル曲, SynthesizerV, VOCALOID"
10,tp3GdJclaew,アップビートに気付いて / 花隈千冬,https://i.ytimg.com/vi/tp3GdJclaew/hqdefault.jpg?sqp=-oaymwEbCKgBEF5IVfKriqkDDggBFQAAiEIYAXABwAEG\u0026rs=AOn4CLAqSyQRY1UTXdKuF43Nkwr_Ta6geQ,1112,,,2022-10-19,People \u0026 Blogs,じゅんぴょん / Otonari Studio,480,"video, sharing, camera phone, video phone, free, upload"
11,wqhkR__DPu8,あの日の憧れ、消えない想い/花隈千冬,https://i.ytimg.com/vi/wqhkR__DPu8/hqdefault.jpg?sqp=-oaymwEbCKgBEF5IVfKriqkDDggBFQAAiEIYAXABwAEG\u0026rs=AOn4CLAq8bsSE_UXAMu5_DizYU99fqBZDA,172,,,2022-10-19,People \u0026 Blogs,ジムノ,109,花隈千冬
12,uPNTekKrgcA,【オリジナル】スターダスト / feat.花隈千冬,https://i.ytimg.com/vi/uPNTekKrgcA/hqdefault.jpg?sqp=-oaymwE1CKgBEF5IVfKriqkDKAgBFQAAiEIYAXABwAEG8AEB-AH-CYAC0AWKAgwIABABGGUgZShlMA8=\u0026rs=AOn4CLBBQ8-Oq-SVOSs0eQ3FNnmCj_c_aw,640,,,2022-10-19,People \u0026 Blogs,ざるぼうる / ZalBowl,322,"video, sharing, camera phone, video phone, free, upload"
13,qkkYahzsDrE,【花隈千冬】この手をさしのべて【ピアノバラード】,https://i.ytimg.com/vi/qkkYahzsDrE/hqdefault.jpg?sqp=-oaymwEbCKgBEF5IVfKriqkDDggBFQAAiEIYAXABwAEG\u0026rs=AOn4CLBk02Z-vrat_wLUwO1Tbj1RTptivg,145,,,2022-10-20,Music,OIE,67,"video, sharing, camera phone, video phone, free, upload"
14,S14Yuxow-iA,【花隈千冬】文庫回遊【SynthVオリジナル曲】,https://i.ytimg.com/vi/S14Yuxow-iA/hqdefault.jpg?sqp=-oaymwEbCKgBEF5IVfKriqkDDggBFQAAiEIYAXABwAEG\u0026rs=AOn4CLBr3wRfkeFrsw7WTl6HpWw2m5cSEQ,209,,,2022-10-22,Music,ノーコア | nocore,424,"オリジナル曲, synthv, synthesizerv, dtm"
15,5_yNBNMghRg,:√透明な記憶を / Watashi feat.花隈千冬\u0026夏色花梨,https://i.ytimg.com/vi/5_yNBNMghRg/hqdefault.jpg?sqp=-oaymwEbCKgBEF5IVfKriqkDDggBFQAAiEIYAXABwAEG\u0026rs=AOn4CLC1aKqYHJZGsmdkHJECjrnRgRUWrQ,1990,,,2022-10-28,Music,Wa tashi,391,"SynthV, SyntesizerV, 夏色花梨, 花隈千冬, NatsukiKarin, HanakumaChifuyu, EDM, Chill"
16,v2ypwizroFc,[オリジナル曲(PV) ]WARM HEAVY RAIN[花隈千冬],https://i.ytimg.com/vi/v2ypwizroFc/hqdefault.jpg?sqp=-oaymwEbCKgBEF5IVfKriqkDDggBFQAAiEIYAXABwAEG\u0026rs=AOn4CLCt2w6KFz6hVNPTyBcItI5Oi5I5vw,131,,,2022-10-29,Music,Kuramoto Satoshi,86,"#VOCALOID, #花隈千冬, #Synthesizer V, #エレクトロ"
17,kEIeB4Cf8pc,こるちかむ / あいぶるーむ  feat.花隈千冬,https://i.ytimg.com/vi/kEIeB4Cf8pc/hqdefault.jpg?sqp=-oaymwE1CKgBEF5IVfKriqkDKAgBFQAAiEIYAXABwAEG8AEB-AH-CYAC0AWKAgwIABABGFAgZShcMA8=\u0026rs=AOn4CLBACFk1eeHpnf5WUn2mHdu9rzGtCA,858,,,2022-10-31,Music,あいぶるーむ,111,"video, sharing, camera phone, video phone, free, upload"
18,cwdMYGLEoyM,くものいと / 花隈千冬,https://i.ytimg.com/vi/cwdMYGLEoyM/hqdefault.jpg?sqp=-oaymwE1CKgBEF5IVfKriqkDKAgBFQAAiEIYAXABwAEG8AEB-AH-CYAC0AWKAgwIABABGE0gZShlMA8=\u0026rs=AOn4CLBxMt7QZMeqhE6NhXbHB6eN80Q9OQ,341,,,2022-11-04,Music,浅倉森 / mori,1.78K,"video, sharing, camera phone, video phone, free, upload"
19,Nxqxc9J_0zM,アンデットハート/ Lio feat.花隈千冬,https://i.ytimg.com/vi/Nxqxc9J_0zM/hqdefault.jpg?sqp=-oaymwEbCKgBEF5IVfKriqkDDggBFQAAiEIYAXABwAEG\u0026rs=AOn4CLAlV2s-NnyoQDUwMqadyhw17g54gA,425,,,2022-11-06,Music,Lio,588,"ボカロ, VOCALOID, オリジナル曲, 花隈千冬, 花隈千冬オリジナル曲, synthesizerv"
20,AmaTs-g1umc,WARNING feat.花隈千冬 【Synthesizer V AI】（オリジナル曲）,https://i.ytimg.com/vi/AmaTs-g1umc/hqdefault.jpg?sqp=-oaymwEbCKgBEF5IVfKriqkDDggBFQAAiEIYAXABwAEG\u0026rs=AOn4CLDGw2flLS6WltVthj04Wo8OCBlkVg,230,,,2022-11-07,Music,月紫 Tsukushi Ch.,24,"video, sharing, camera phone, video phone, free, upload"
21,6mCebblIJ4c,Practice11 / feat.花隈千冬,https://i.ytimg.com/vi/6mCebblIJ4c/hqdefault.jpg?sqp=-oaymwEbCKgBEF5IVfKriqkDDggBFQAAiEIYAXABwAEG\u0026rs=AOn4CLDAlLg3uS-dmQKxduc6TzBw1bA0dg,948,,,2022-11-16,Music,馬車馬カエデ,3.89K,"video, sharing, camera phone, video phone, free, upload"
22,77-c-yjCD3g,いのくち(inokuchi) - 最果てからのScenery feat. 花隈千冬,https://i.ytimg.com/vi/77-c-yjCD3g/hqdefault.jpg?sqp=-oaymwEbCKgBEF5IVfKriqkDDggBFQAAiEIYAXABwAEG\u0026rs=AOn4CLBByOLpcZ87-QKzHCFgbqt5CGkBLQ,124,,,2022-11-18,People \u0026 Blogs,いのくち (inokuchi),832,"video, sharing, camera phone, video phone, free, upload"
23,B2KysktO44E,【花隈千冬AI】「KIRA! KIRA!」♪Synthesizer V/オリジナル曲♪,https://i.ytimg.com/vi/B2KysktO44E/hqdefault.jpg?sqp=-oaymwE1CKgBEF5IVfKriqkDKAgBFQAAiEIYAXABwAEG8AEB-AH-CYAC0AWKAgwIABABGEsgRShlMA8=\u0026rs=AOn4CLDC4kWsU-0-TkDb1donTuLpcFy0Ag,561,,,2022-11-27,Music,MEGAFEPPS Music Channel,382,"video, sharing, camera phone, video phone, free, upload"
24,kHdLQmvvYBw,直線プロローグ / 小春六花×夏色花梨×花隈千冬,https://i.ytimg.com/vi/kHdLQmvvYBw/hqdefault.jpg?sqp=-oaymwEbCKgBEF5IVfKriqkDDggBFQAAiEIYAXABwAEG\u0026rs=AOn4CLBYZxyDtfIK1VssMetI_09iQfkrzA,48557,,,2022-11-29,Music,,16.4K,"VOCALOID, 夏色花梨, 夏色花梨オリジナル曲, VOCAROCK, 雪乃イト, SynthesizerV, 音楽, Haる, さいだるい, C’Na, 空より蒼い街, かわいいぼかうた, アニソン, ジャズ, JPOP, ロック, TOKYO6, よしだなすび, 小春六花, 花隈千冬, 空回りライブラリ, 直線プロローグ, ボカロ曲"
25,1aSrA_IawfE,雪のセツナ/白乃秋 feat.花隈千冬,https://i.ytimg.com/vi/1aSrA_IawfE/hqdefault.jpg?sqp=-oaymwEbCKgBEF5IVfKriqkDDggBFQAAiEIYAXABwAEG\u0026rs=AOn4CLBGX9ABwvJt5FeQp_i9iwV3Xm6COw,474,,,2022-12-01,Music,白乃秋,124,"video, sharing, camera phone, video phone, free, upload"
26,RByeTGCLF30,うたかた / limit34 feat. 花隈千冬,https://i.ytimg.com/vi/RByeTGCLF30/hqdefault.jpg?sqp=-oaymwEbCKgBEF5IVfKriqkDDggBFQAAiEIYAXABwAEG\u0026rs=AOn4CLDFPwEFgVEpjEDpedUDAzE9ZsFjVg,9064,,,2022-12-01,Music,limit34,1.17K,"VOCALOID, SynthesizerV, 花隈千冬"
27,sEmkIgHRvWc,Out of blue /Ugetsu feat.花隈千冬,https://i.ytimg.com/vi/sEmkIgHRvWc/hqdefault.jpg?sqp=-oaymwEbCKgBEF5IVfKriqkDDggBFQAAiEIYAXABwAEG\u0026rs=AOn4CLDY6JHBiAAqrZPX6SismwFJDlkMQg,7754,,,2022-12-02,People \u0026 Blogs,Ugetsu,695,"video, sharing, camera phone, video phone, free, upload"
28,OIg-1WPzusI,『別れを惜しむ歌』（花隈千冬・夏色花梨）,https://i.ytimg.com/vi/OIg-1WPzusI/hqdefault.jpg?sqp=-oaymwEbCKgBEF5IVfKriqkDDggBFQAAiEIYAXABwAEG\u0026rs=AOn4CLCyUrH-U4Pg0zwk8o3CSMX5TOk2hQ,100,,,2022-12-03,Music,♬ ゆりは,1.65K,"Synthesizer V, SynthV, 花隈千冬, 夏色花梨, Hanakuma Chifuyu, Natsuki Karin, オリジナル"
29,DSq3gok0zu4,最終列車 / 花隈千冬,https://i.ytimg.com/vi/DSq3gok0zu4/hqdefault.jpg?sqp=-oaymwEbCKgBEF5IVfKriqkDDggBFQAAiEIYAXABwAEG\u0026rs=AOn4CLB1XrjTnI3tGilL7UtHt-Fd2mWdZw,718,,,2022-12-04,Music,空蝉UtuSemi【規制音P】,1.12K,"初音ミク, 花隈千冬, ボカロ, クリスマス, かっこいい曲, garageband"
30,rXRGF133QHw,花隈千冬オリジナル曲「スペクトル」,https://i.ytimg.com/vi/rXRGF133QHw/hqdefault.jpg?sqp=-oaymwE1CKgBEF5IVfKriqkDKAgBFQAAiEIYAXABwAEG8AEB-AH-CYAC0AWKAgwIABABGFcgYihlMA8=\u0026rs=AOn4CLAbRiFdcsgtLKnTgODQT3uOMaTomw,4041,,,2022-12-05,Music,keisei,8.07K,"video, sharing, camera phone, video phone, free, upload"
31,l95l6hnRSS4,散華と月 / 風原 feat. 花隈千冬,https://i.ytimg.com/vi/l95l6hnRSS4/hqdefault.jpg?sqp=-oaymwEbCKgBEF5IVfKriqkDDggBFQAAiEIYAXABwAEG\u0026rs=AOn4CLBBerdWbho3vjtp9WedRitlOTf6nA,2754,,,2022-12-06,Entertainment,風原の音置き場,2K,"video, sharing, camera phone, video phone, free, upload"
32,yGc04qfoHmw,ハナサカロック / 序論 feat. 小春六花・夏色花梨・花隈千冬,https://i.ytimg.com/vi/yGc04qfoHmw/hqdefault.jpg?sqp=-oaymwEbCKgBEF5IVfKriqkDDggBFQAAiEIYAXABwAEG\u0026rs=AOn4CLDYhovBE_MEbSnNUrySGSA0hwpJJA,142,,,2022-12-06,Music,序論,50,"小春六花, 夏色花梨, 花隈千冬, VOCALOID, SynthesizerV"
33,CRSTbz-jfvk,ディストレンシアの白昼夢 feat.花隈千冬,https://i.ytimg.com/vi/CRSTbz-jfvk/hqdefault.jpg?sqp=-oaymwEbCKgBEF5IVfKriqkDDggBFQAAiEIYAXABwAEG\u0026rs=AOn4CLDNIB-eYWuppRV3yXilaIHGvIez6g,398,,,2022-12-06,Music,Yori / Sodalite Lab.,449,"TOKYO6, 花隈千冬, Hanakuma Chifuyu, 花隈千冬オリジナル曲, Yori, Sodalite Lab, SynthesizerV, SynthesizerVオリジナル曲"
34,6Fhz2SpQgPg,【花隈千冬AI】「Believe in Aphrodite」♪Synthesizer V/オリジナル曲♪,https://i.ytimg.com/vi/6Fhz2SpQgPg/hqdefault.jpg?sqp=-oaymwE1CKgBEF5IVfKriqkDKAgBFQAAiEIYAXABwAEG8AEB-AH-CYAC0AWKAgwIABABGDUgZSgyMA8=\u0026rs=AOn4CLDxGIU2n-RR6NGQp0jl4-UJ-z2Uug,474,,,2022-12-07,Music,MEGAFEPPS Music Channel,382,"video, sharing, camera phone, video phone, free, upload"
35,jF6zkY-e2VE,【オリジナル曲】惑星に恋をした / SynthesizerV花隈千冬,https://i.ytimg.com/vi/jF6zkY-e2VE/hqdefault.jpg?sqp=-oaymwEbCKgBEF5IVfKriqkDDggBFQAAiEIYAXABwAEG\u0026rs=AOn4CLAZ9mQwKKuAheG0FfbovvG2I5M8fA,180,,,2022-12-09,Music,宮本さやか,137,"video, sharing, camera phone, video phone, free, upload"
36,2J22j9v6_MI,輝く世界のジンガ feat 花隈千冬 (by TETARE) 【Synthesizer V AI】,https://i.ytimg.com/vi/2J22j9v6_MI/hqdefault.jpg?sqp=-oaymwEbCKgBEF5IVfKriqkDDggBFQAAiEIYAXABwAEG\u0026rs=AOn4CLCHDzDPQ5KPrYcVM8Yhxu-YvtC-yA,210,,,2022-12-10,Music,TETARE Music Laboratory,394,"video, sharing, camera phone, video phone, free, upload"
37,LgBgBi3Hsk0,花 (feat.花隈千冬) - dramatic cider,https://i.ytimg.com/vi/LgBgBi3Hsk0/hqdefault.jpg?sqp=-oaymwE1CKgBEF5IVfKriqkDKAgBFQAAiEIYAXABwAEG8AEB-AH-CYAC0AWKAgwIABABGF0gUihlMA8=\u0026rs=AOn4CLC9pNLWY6_fLr5kBurCbS_4QqEe2w,944,,,2022-12-20,People \u0026 Blogs,dramatic cider,148,"video, sharing, camera phone, video phone, free, upload"
38,ZB4VeyVXQ1s,逆境ストーリー / 花隈千冬,https://i.ytimg.com/vi/ZB4VeyVXQ1s/hqdefault.jpg?sqp=-oaymwEbCKgBEF5IVfKriqkDDggBFQAAiEIYAXABwAEG\u0026rs=AOn4CLDJ2v8mLitI2WMYdlNsHt5ajfoDTQ,44839,,,2022-12-22,Music,,16.4K,"VOCALOID, 夏色花梨, VOCAROCK, 雪乃イト, SynthesizerV, 音楽, Haる, C’Na, 空より蒼い街, かわいいぼかうた, アニソン, JPOP, ロック, TOKYO6, よしだなすび, 小春六花, 花隈千冬, 空回りライブラリ, 直線プロローグ, ボカロ曲, 水野あつ, 逆境ストーリー, 花隈千冬オリジナル曲, ボカロック"
39,6ePVI5K979c,【花隈千冬】「純青ホライズン(サビ)」2022/12/22  作詞・作曲・編曲／仙道アリマサ　Synthesizer V ボカロ ボーカロイド VOCALOID,https://i.ytimg.com/vi/6ePVI5K979c/hqdefault.jpg?sqp=-oaymwEbCKgBEF5IVfKriqkDDggBFQAAiEIYAXABwAEG\u0026rs=AOn4CLAKNOjyuCi5BX2Dc-RHAIzDdb5OJw,423,,,2022-12-22,Music,仙道アリマサ,669,"video, sharing, camera phone, video phone, free, upload"
40,mcmfjhKDmnY,ノエルの朝に　feat.花隈千冬,https://i.ytimg.com/vi/mcmfjhKDmnY/hqdefault.jpg?sqp=-oaymwEbCKgBEF5IVfKriqkDDggBFQAAiEIYAXABwAEG\u0026rs=AOn4CLCK1zwVBC93dtGHGywGU7RmExKaew,2500,,,2022-12-24,Music,,2.16K,"video, sharing, camera phone, video phone, free, upload"
41,U5sn438OwLE,ストロボ / 花隈千冬【Synthesizer V】,https://i.ytimg.com/vi/U5sn438OwLE/hqdefault.jpg?sqp=-oaymwEbCKgBEF5IVfKriqkDDggBFQAAiEIYAXABwAEG\u0026rs=AOn4CLA7O_oDn3Cl4CmxMlEAtlVbKvuMXw,1222,,,2022-12-24,People \u0026 Blogs,Mass,,"video, sharing, camera phone, video phone, free, upload"
42,J3FPxsIul1U,Borderline / Watashi feat.花隈千冬,https://i.ytimg.com/vi/J3FPxsIul1U/hqdefault.jpg?sqp=-oaymwE1CKgBEF5IVfKriqkDKAgBFQAAiEIYAXABwAEG8AEB-AH-CYAC0AWKAgwIABABGEggTChlMA8=\u0026rs=AOn4CLAfR-t0XWbwWJ4mk1xcm1zUoPeI8Q,1104,,,2022-12-27,Music,,391,"花隈千冬, SynthV, VOCALOID, ボカロ, MMD"
43,YEnUgQ_YOy8,恋をする人  【Synthesizer V AI 花隈千冬 ライト版】,https://i.ytimg.com/vi/YEnUgQ_YOy8/hqdefault.jpg?sqp=-oaymwE1CKgBEF5IVfKriqkDKAgBFQAAiEIYAXABwAEG8AEB-AH-CYAC0AWKAgwIABABGFwgXChcMA8=\u0026rs=AOn4CLCxlnYavtNHkvCJI9JRKEa8v_X6Ow,172,,,2022-12-28,Music,take-de-x,10,"video, sharing, camera phone, video phone, free, upload"
44,WnFAf-k_kIQ,【花隈千冬】雪の結晶【Kumaika】,https://i.ytimg.com/vi/WnFAf-k_kIQ/hqdefault.jpg?sqp=-oaymwEbCKgBEF5IVfKriqkDDggBFQAAiEIYAXABwAEG\u0026rs=AOn4CLB2YLaaTikVB8cWFTlg5CZgiGysgA,461,,,2022-12-31,Music,くまいか,82,"花隈千冬, synthesizer v, VOCALOID"
45,_in1UePTcDg,(花隈千冬\u0026小春六花) [Liquid Drum \u0026 Bass] Star Station (Original Mix),https://i.ytimg.com/vi/_in1UePTcDg/hqdefault.jpg?sqp=-oaymwEbCKgBEF5IVfKriqkDDggBFQAAiEIYAXABwAEG\u0026rs=AOn4CLAXG3MS46gS8XxLx287SN6pRCqSIA,213,,,2022-12-31,Music,kaami,32.3K,"video, sharing, camera phone, video phone, free, upload"
46,NhqDMF-CQjI,綾垣航 / Phrase feat. 花隈千冬,https://i.ytimg.com/vi/NhqDMF-CQjI/hqdefault.jpg?sqp=-oaymwEbCKgBEF5IVfKriqkDDggBFQAAiEIYAXABwAEG\u0026rs=AOn4CLBNSIZDH2EiI_p6rFAUGum67ycqVw,696,,,2023-01-02,Music,綾垣航,52,"synthesizerv, vocaloid, 花隈千冬"
47,CB5KqA2TYTs,サーマルテレポート feat.花隈千冬(Hanakuma Chifuyu)/tonaca,https://i.ytimg.com/vi/CB5KqA2TYTs/hqdefault.jpg?sqp=-oaymwEbCKgBEF5IVfKriqkDDggBFQAAiEIYAXABwAEG\u0026rs=AOn4CLBS16TuM_GCq7NAFLpo8liSk_6gnw,828,,,2023-01-03,Music,tonaca,187,"SynthV, オリジナル曲"
48,YnqdN00oobU,HuusuiP（風水Ｐ） - The World Unites（ワールドユナイト）feat. 花隈千冬 - Official Video,https://i.ytimg.com/vi/YnqdN00oobU/hqdefault.jpg?sqp=-oaymwEbCKgBEF5IVfKriqkDDggBFQAAiEIYAXABwAEG\u0026rs=AOn4CLDOOnYJVixBkyFeOWGqM824IqHRVQ,2611,,,2023-01-03,Music,風水ちゃんねる Studio風鈴亭,1.48K,"ガンドルフォ, UCqTBfytLwDHEm8fLTgqt9Sg, studio 風鈴亭, 風水, アゾ, 風鈴亭, サマナーズウォー, ガンダムオンライン, ボーカロイド, アニソン, アニソン風鈴亭, サマナーズウォーskyarena, ワリーナ, Steam, 初音ミク, ボカロ, 声優, 歌ってみた, サマナ, アプリ, eスポーツ, 対人戦, ゲーム, ガチャ, ガチャ祭り, ガンエボ, ガンダムエボリューション, GUNDAM EVOLUTION, 花隈千冬, オリジナル, オリジナル曲, ボカロ曲"
49,syWktJ6k5JA,"黎明 / 夏色花梨,花隈千冬",https://i.ytimg.com/vi/syWktJ6k5JA/hqdefault.jpg?sqp=-oaymwEbCKgBEF5IVfKriqkDDggBFQAAiEIYAXABwAEG\u0026rs=AOn4CLDMjrCJppOm5Nls67OHjnHvrTSxog,411,,,2023-01-06,Music,SHIOSAI RECORDS,252,"夏色花梨, 花隈千冬, SynthesizerV, Tokyo6, ボーカロイド, VOCALOID, ロック, Rock, オルタナティブロック, AltanativeRock"
50,wWZ9Xkx7dEE,【花隈千冬】「おかえり」Synthesizer V ボカロ ボーカロイド VOCALOID,https://i.ytimg.com/vi/wWZ9Xkx7dEE/hqdefault.jpg?sqp=-oaymwEbCKgBEF5IVfKriqkDDggBFQAAiEIYAXABwAEG\u0026rs=AOn4CLAgFs42KN6BJoHswKibDqj4HjoWkg,670,,,2023-01-09,Music,仙道アリマサ,669,"video, sharing, camera phone, video phone, free, upload"
51,82vi5Ob1DO8,史上最強カップル/ feat. 花隈千冬×Mai,https://i.ytimg.com/vi/82vi5Ob1DO8/hqdefault.jpg?sqp=-oaymwEbCKgBEF5IVfKriqkDDggBFQAAiEIYAXABwAEG\u0026rs=AOn4CLBCW4_66-bu2wItT527mwGJgdnWtQ,578,,,2023-01-15,Music,おっちょ,503,"video, sharing, camera phone, video phone, free, upload"
52,gNmC-WUN50E,冬を歩くfeat.花隈千冬,https://i.ytimg.com/vi/gNmC-WUN50E/hqdefault.jpg?sqp=-oaymwEbCKgBEF5IVfKriqkDDggBFQAAiEIYAXABwAEG\u0026rs=AOn4CLDGWHvAzn6RIHvO58t6-f7IVm3ipA,246,,,2023-01-16,Music,稀乃 -mareno-,51,"synthesizer V, 花隈千冬, ラップ, VOCALOID, ボカロラップ"
53,xCEn9PHK_Hg,"(星尘\u0026花隈千冬) [Pop, Drum \u0026 Bass] Drawer \u0026 Cat (Original Mix)",https://i.ytimg.com/vi/xCEn9PHK_Hg/hqdefault.jpg?sqp=-oaymwEbCKgBEF5IVfKriqkDDggBFQAAiEIYAXABwAEG\u0026rs=AOn4CLBL6uSrc96p4QIz4UX__ufQ-_jRfw,133,,,2023-01-18,Music,kaami,32.3K,"video, sharing, camera phone, video phone, free, upload"
54,MeHluSWe6Z0,時間泥棒 - 革命 feat. 花隈千冬【M15】,https://i.ytimg.com/vi/MeHluSWe6Z0/hqdefault.jpg?sqp=-oaymwEbCKgBEF5IVfKriqkDDggBFQAAiEIYAXABwAEG\u0026rs=AOn4CLAiRl26PSRCtQejlIOCQiuf4pK6cg,141,,,2023-01-21,Music,時間泥棒,1.17K,"オリジナル曲, 弾き語り, SynthV, 花隈千冬, VOCALOID, Hanakuma Chifuyu"
55,lqqi5yweLUM,(星尘\u0026花隈千冬) Daytale (Original Mix),https://i.ytimg.com/vi/lqqi5yweLUM/hqdefault.jpg?sqp=-oaymwEbCKgBEF5IVfKriqkDDggBFQAAiEIYAXABwAEG\u0026rs=AOn4CLBVv0p35XMgmB-fO7pPz7Vj7xOlGQ,124,,,2023-01-22,Music,kaami,32.3K,"video, sharing, camera phone, video phone, free, upload"
56,V6ZKx63SCrE,同じ空の下で / まつからん Feat. 花隈千冬,https://i.ytimg.com/vi/V6ZKx63SCrE/hqdefault.jpg?sqp=-oaymwEbCKgBEF5IVfKriqkDDggBFQAAiEIYAXABwAEG\u0026rs=AOn4CLCc6RjXQ9FHqVuBhCfQJqao7tUFOg,2158,,,2023-01-22,Music,まつからん / 作編曲家 ボカロP,1.18K,"作曲, DTM, DTMer, 作編曲家, 編曲, アレンジ, アレンジャー, ギタリスト, ギター, コスプレ, アニソン, アイドル, ポップス, ゲーム配信, Twich, ライブ配信, 切り抜き, 簡単, おすすめ, 作曲法, 初心者, FPS, 音ゲー, ホラゲー, 趣味, ゲーム, 実況者, ゲーム実況, 批評, レビュー, 評価, 花隈千冬, synthesizer v, synth V, シンセサイザーv, ボカロ, ボーカロイド, 卒業ソング, 卒業, 泣ける, バラード"
57,Y7YmA4rkYTM,First Belle - 晴れの海(feat. 花隈千冬 \u0026 小春六花) 【オリジナル曲】,https://i.ytimg.com/vi/Y7YmA4rkYTM/hqdefault.jpg?sqp=-oaymwE1CKgBEF5IVfKriqkDKAgBFQAAiEIYAXABwAEG8AEB-AG2CIAC0AWKAgwIABABGGUgZShlMA8=\u0026rs=AOn4CLB5J_pY18IVlRS3FE_EUFIEZV82-g,209,,,2023-01-25,Music,,431,"video, sharing, camera phone, video phone, free, upload"
58,P3N91X9TlV8,正しい世界 / 花隈千冬,https://i.ytimg.com/vi/P3N91X9TlV8/hqdefault.jpg?sqp=-oaymwE1CKgBEF5IVfKriqkDKAgBFQAAiEIYAXABwAEG8AEB-AH-CYAC0AWKAgwIABABGGUgVyhYMA8=\u0026rs=AOn4CLAs4fwu-JFPQSHpNhTwoE_WzR-BOg,571,,,2023-01-27,Music,Kay Kamio Music,552,"ポストロック, ボカロ, ボカロ曲, vocaloid, 花隈千冬, ボカロオリジナル曲, Synthesizer V, Hanakuma Chifuyu, SynthV"
59,545JVJpVrRU,Free Moment／花隈千冬,https://i.ytimg.com/vi/545JVJpVrRU/hqdefault.jpg?sqp=-oaymwE1CKgBEF5IVfKriqkDKAgBFQAAiEIYAXABwAEG8AEB-AH-CYAC0AWKAgwIABABGEUgZShlMA8=\u0026rs=AOn4CLCt82sEpygZIOxByQPMLjiUDEPrvw,104,,,2023-01-28,Music,ケンタウロス,199,"vocaloid, ボカロ, オリジナル曲, ケンタウロス, 音楽, synthesizerV, synthV, 花隈千冬, 千冬, Japan, music, kawaii, french house, house, フリモメン"
60,zHZXi8JHZfs,Scabiosa featuring 花隈千冬【Synthesizer V AI】（オリジナル曲）,https://i.ytimg.com/vi/zHZXi8JHZfs/hqdefault.jpg?sqp=-oaymwE1CKgBEF5IVfKriqkDKAgBFQAAiEIYAXABwAEG8AEB-AH-CYAC0AWKAgwIABABGGIgVChlMA8=\u0026rs=AOn4CLCPuV99O1ee6XIc9TRV4ehUbigDiQ,166,,,2023-01-29,Music,月紫 Tsukushi Ch.,24,"Synthesizer V AI, SynthesizerV, 花隈千冬, オリジナル曲, 花隈千冬オリジナル曲"
61,JFXjervaODU,あと少し feat. 花隈千冬 / notch_tang【Synthesizer V オリジナル曲】,https://i.ytimg.com/vi/JFXjervaODU/hqdefault.jpg?sqp=-oaymwEbCKgBEF5IVfKriqkDDggBFQAAiEIYAXABwAEG\u0026rs=AOn4CLAAtSPOQxRyDC8gIxN5pUvl7tDPXA,6101,,,2023-02-03,Music,ノチタ@notch_tang,319,"花隈千冬, SynthesizerV, オリジナル曲, ボカロ, notch_tang"
62,nz38KPy-cQQ,【初音ミク＆花隈千冬】ちょこれいとハート【オリジナル】,https://i.ytimg.com/vi/nz38KPy-cQQ/hqdefault.jpg?sqp=-oaymwE1CKgBEF5IVfKriqkDKAgBFQAAiEIYAXABwAEG8AEB-AH-CYAC0AWKAgwIABABGE4gWihlMA8=\u0026rs=AOn4CLAPtEh4FIMoD0xu2hFY9xm6wHrK_A,109,,,2023-02-04,Music,legata,699,"VOCALOID, SynthesizerV, 初音ミク, 花隈千冬, VOCALOIDオリジナル曲, SynthesizerVオリジナル曲, ミクオリジナル曲, 花隈千冬オリジナル曲, Miku, Hatsune, Chifuyu, Hanakuma"
63,fy3d1D6qMOI,【花隈千冬】「虹の恋歌」 作詞／こまの柚里　作曲・編曲／仙道アリマサ　Synthesizer V ボカロ ボーカロイド VOCALOID,https://i.ytimg.com/vi/fy3d1D6qMOI/hqdefault.jpg?sqp=-oaymwEbCKgBEF5IVfKriqkDDggBFQAAiEIYAXABwAEG\u0026rs=AOn4CLDJpT_COMGhrSEHkUbAWx3Y-jxIXQ,584,,,2023-02-04,Music,仙道アリマサ,669,"video, sharing, camera phone, video phone, free, upload"
64,m1wnCED-BOg,クロノノート / Riez feat. 花隈千冬,https://i.ytimg.com/vi/m1wnCED-BOg/hqdefault.jpg?sqp=-oaymwEbCKgBEF5IVfKriqkDDggBFQAAiEIYAXABwAEG\u0026rs=AOn4CLBEnQllBJHkWs0CqkF4xqWVF_h4jw,738,,,2023-02-05,Music,Riez - Vocaloid Producer,1.17K,"video, sharing, camera phone, video phone, free, upload"
65,yR_arNKopNg,【オリジナル曲】ピカピカデイズ☆彡【くらP feat. 花隈千冬・小春六花・夏色花梨】,https://i.ytimg.com/vi/yR_arNKopNg/hqdefault.jpg?sqp=-oaymwEbCKgBEF5IVfKriqkDDggBFQAAiEIYAXABwAEG\u0026rs=AOn4CLCAfJ-vlgJYLyWoZE0x-lTwDfrWAA,307,,,2023-02-05,Music,くらP,278,"video, sharing, camera phone, video phone, free, upload"
66,10RqnH8a-QQ,おやすみエレジー / 花隈千冬,https://i.ytimg.com/vi/10RqnH8a-QQ/hqdefault.jpg?sqp=-oaymwEbCKgBEF5IVfKriqkDDggBFQAAiEIYAXABwAEG\u0026rs=AOn4CLB3XLFOGMnXozRyCMUmuBJVAHHt_w,1675,,,2023-02-06,Music,あくたり,1.78K,"VOCALOID, ボカロ, Synthesizer V, シンブイ, 花隈千冬, 小春六花, 夏色花梨, 冬曲, 雪, おやすみ, グッナイ, エレジー, 忘れる, 忘れたい, 辛い, 悲しい, 謙遜, 我慢, 人の目, 見返り, 変わりたい"
67,4z9crOL4iB4,【花隈千冬】Winter Parade【オリジナル曲】,https://i.ytimg.com/vi/4z9crOL4iB4/hqdefault.jpg?sqp=-oaymwEbCKgBEF5IVfKriqkDDggBFQAAiEIYAXABwAEG\u0026rs=AOn4CLD25fr0GrQpkhts_Wu2MF-R1nc3QA,20598,,,2023-02-06,Entertainment,TOKYO6 ENTERTAINMENT,4.18K,"video, sharing, camera phone, video phone, free, upload"
68,zxYdPypVQvQ,お呪い / 花隈千冬,https://i.ytimg.com/vi/zxYdPypVQvQ/hqdefault.jpg?sqp=-oaymwEbCKgBEF5IVfKriqkDDggBFQAAiEIYAXABwAEG\u0026rs=AOn4CLB33mFFx-YhNGCfHXYOrDnUWvCORw,6306242,,,2023-02-06,Music,,226K,"初音ミク, ボカロ, VOCALOID, なきそ, ボーカロイド, 新曲, Tiktok, 歌愛ユキ, ボカロ2023"
69,SrGf6Q-U5Q8,モンスターズ / buzzG feat.花隈千冬 (Monsters / buzzG feat.Hanakuma Chifuyu),https://i.ytimg.com/vi/SrGf6Q-U5Q8/hqdefault.jpg?sqp=-oaymwEbCKgBEF5IVfKriqkDDggBFQAAiEIYAXABwAEG\u0026rs=AOn4CLDOd1lgCB49e_Fc73bCnh9u6o5_Cw,30977,,,2023-02-06,Music,buzzG Official,35.9K,"ボカロ, buzzG, 花隈千冬, Synthesizer V"
70,GsNd1Zeo8PQ,【花隈千冬】「彼者誰時」 作詞／静夏夜　作曲・編曲／仙道アリマサ　Synthesizer V ボカロ ボーカロイド VOCALOID,https://i.ytimg.com/vi/GsNd1Zeo8PQ/hqdefault.jpg?sqp=-oaymwEbCKgBEF5IVfKriqkDDggBFQAAiEIYAXABwAEG\u0026rs=AOn4CLAmfQtHrCB8qFKN8Qv-dyqt1pVgmA,521,,,2023-02-06,Music,仙道アリマサ,669,"video, sharing, camera phone, video phone, free, upload"
71,VkKXAlqqSKk,蒼い化け物と生きた証 / 花隈千冬,https://i.ytimg.com/vi/VkKXAlqqSKk/hqdefault.jpg?sqp=-oaymwEbCKgBEF5IVfKriqkDDggBFQAAiEIYAXABwAEG\u0026rs=AOn4CLBeozpttCEq_HDzeh2mzfCY97YRVQ,122,,,2023-02-08,People \u0026 Blogs,,365,"video, sharing, camera phone, video phone, free, upload"
72,lpEf0kPy2zc,everything/花隈千冬,https://i.ytimg.com/vi/lpEf0kPy2zc/hqdefault.jpg?sqp=-oaymwEbCKgBEF5IVfKriqkDDggBFQAAiEIYAXABwAEG\u0026rs=AOn4CLBE3ZNmfHHaHzpY8gvwG-ClvpDCNw,148,,,2023-02-10,Music,Nε:0nさん,97,"video, sharing, camera phone, video phone, free, upload"
73,QbdYB1JtZdw,アンチサンスベリア【TreatHunters　/　花隈千冬、小春六花、夏色花梨　SynthesizerV オリジナル曲】,https://i.ytimg.com/vi/QbdYB1JtZdw/hqdefault.jpg?sqp=-oaymwEbCKgBEF5IVfKriqkDDggBFQAAiEIYAXABwAEG\u0026rs=AOn4CLDikVJ6qd1kT3sYOPEdsBbNHsvTCA,935,,,2023-02-10,Music,,143,"video, sharing, camera phone, video phone, free, upload"
74,8LHyNBz7FDw,五月ノ雨　篝竜太郎feat.花隈千冬,https://i.ytimg.com/vi/8LHyNBz7FDw/hqdefault.jpg?sqp=-oaymwEbCKgBEF5IVfKriqkDDggBFQAAiEIYAXABwAEG\u0026rs=AOn4CLDiPdI8S7H2U01RRwUJCpY371MPvg,132,,,2023-02-11,Music,篝　竜太郎　Kagari Ryutaro,75,"VOCALOID, synthesizerV, 花隈千冬, ボカロ, ボカロック"
75,tNkwvkWLZ74,ここあ／花隈千冬（セルフカバー）,https://i.ytimg.com/vi/tNkwvkWLZ74/hqdefault.jpg?sqp=-oaymwE1CKgBEF5IVfKriqkDKAgBFQAAiEIYAXABwAEG8AEB-AH-CYAC0AWKAgwIABABGGQgZChkMA8=\u0026rs=AOn4CLDCGSKDOoL6RffmGlhwCoZql_kD4A,119,,,2023-02-12,Music,くらP,278,"video, sharing, camera phone, video phone, free, upload"
76,Gw1kGR3x7Tw,時間泥棒 - ステッキ feat. 花隈千冬【M18】,https://i.ytimg.com/vi/Gw1kGR3x7Tw/hqdefault.jpg?sqp=-oaymwEbCKgBEF5IVfKriqkDDggBFQAAiEIYAXABwAEG\u0026rs=AOn4CLCIg0rIuQhCArfJoqH8oxHEO4dHaA,101,,,2023-02-15,Music,時間泥棒,1.17K,"オリジナル曲, 弾き語り, SynthV, 花隈千冬, VOCALOID, 時間泥棒"
77,zFgks_wnwYo,Hxxxt*3 feat. 花隈千冬 / notch_tang【Synthesizer V オリジナル曲】,https://i.ytimg.com/vi/zFgks_wnwYo/hqdefault.jpg?sqp=-oaymwEbCKgBEF5IVfKriqkDDggBFQAAiEIYAXABwAEG\u0026rs=AOn4CLBk_Sk2D4Zteb6F43vAE_XMncOJVg,1469,,,2023-02-15,Music,ノチタ@notch_tang,319,"花隈千冬, SynthesizerV, オリジナル曲, ボカロ, VOCALOID, notch_tang"
78,wYFHRft3pww,Aintops - ねえダーリン feat. 花隈千冬,https://i.ytimg.com/vi/wYFHRft3pww/hqdefault.jpg?sqp=-oaymwEbCKgBEF5IVfKriqkDDggBFQAAiEIYAXABwAEG\u0026rs=AOn4CLAHxPbKQAiV0MNcqMPgK97aBByRiA,11525,,,2023-02-16,Music,Aintops Channel,6.61K,"ヤンデレ, ボーカロイド, vocaloid, ボカロ, Synthesizer V, 花隈千冬, 病みかわいい, 地雷系"
79,DZ2Ucv8SY38,GIANT KILLING / 花隈千冬,https://i.ytimg.com/vi/DZ2Ucv8SY38/hqdefault.jpg?sqp=-oaymwEbCKgBEF5IVfKriqkDDggBFQAAiEIYAXABwAEG\u0026rs=AOn4CLChmtVkgp2z7BsDODWCKPFziDxuoQ,228,,,2023-02-16,Music,SHIOSAI RECORDS,252,"SynthesizerV, VOCALOID, ボーカロイド, ロック, ハードロック, ダウンチューニング, 花隈千冬"
80,TnxWx5oUBLI,「耽溺」feat.花隈千冬【MV】,https://i.ytimg.com/vi/TnxWx5oUBLI/hqdefault.jpg?sqp=-oaymwEbCKgBEF5IVfKriqkDDggBFQAAiEIYAXABwAEG\u0026rs=AOn4CLA7TZRMU0sHiEz3XAxvpy-rmndAcg,24313,,,2023-02-17,Music,metamol,1.98K,"Suchmos, King Gnu, ずっと真夜中でいいのに, 須田景凪, sekai no owari, Vaundy, PERIMETRON, Tempalay, Mr. Green Apple, RADWIMPS, BUMP OF CHIKEN, 米津玄師, ナナヲアカリ, ずとまよ, シンガーソングライター, ヒトリエ, バンド, インディーズ, Neru, まふまふ, sajou no hana, 神様, 僕は気づいてしまった, 神僕, 神山羊, ヨルシカ, 有機酸, yama, Ado, くじら, バルーン, シャルル, キングヌー, ユアネス, ポルカドットスティングレイ, カネコアツシ, エジマハルシ, ドミコ, domico, はるまきごはん, Eve, Sou, 呪術廻戦, 夏油, 人間みたいね, Rainy, 鏡音リン, 初音ミク, 花譜, 小林私, 美波, THE BINARY, 煮ル果実, DUSTCELL, ALI, チェーンソーマン, 笹川真緒, 南雲ゆうき, n-buna, Awsome City Club, 藤井風, キタニタツヤ, vocaloid, ボカロ, 可不, かふ, kafu, 花隈千冬, 千冬, Chihuyu, SynthesizerV"
81,zktiesCGcq0,【花隈千冬】Never Mind【オリジナル】,https://i.ytimg.com/vi/zktiesCGcq0/hqdefault.jpg?sqp=-oaymwE1CKgBEF5IVfKriqkDKAgBFQAAiEIYAXABwAEG8AEB-AH-CYAC0AWKAgwIABABGFQgWShlMA8=\u0026rs=AOn4CLAo4uBmTrklFah-ytfTA7h9C5PCsw,130,,,2023-02-17,Music,legata,699,"SynthesizerV, 花隈千冬, SynthesizerVオリジナル曲, 花隈千冬オリジナル曲, ポップ, HanakumaChifuyu, ボカロ"
82,z9VaNe1YHrA,いのくち(inokuchi) - 夢、昼下がり - feat. 花隈千冬,https://i.ytimg.com/vi/z9VaNe1YHrA/hqdefault.jpg?sqp=-oaymwEbCKgBEF5IVfKriqkDDggBFQAAiEIYAXABwAEG\u0026rs=AOn4CLACZLTY8DiNLTmsZYPldcDBjM6e8A,161,,,2023-02-18,Music,いのくち (inokuchi),832,"video, sharing, camera phone, video phone, free, upload"
83,HAeuZN8mmQ4,"今日の空は。 / 花隈千冬 (feat.夏色花梨, 弦巻マキ)",https://i.ytimg.com/vi/HAeuZN8mmQ4/hqdefault.jpg?sqp=-oaymwEbCKgBEF5IVfKriqkDDggBFQAAiEIYAXABwAEG\u0026rs=AOn4CLAP59CK2D8cQSHiimB8VX4EyiFLlQ,1170,,,2023-02-18,Music,夏亀,307,"SynthesizerV, 花隈千冬"
84,BbuzuOJTH5k,ショコラティカ (feat.夏色花梨\u0026花隈千冬) - dramatic cider,https://i.ytimg.com/vi/BbuzuOJTH5k/hqdefault.jpg?sqp=-oaymwEbCKgBEF5IVfKriqkDDggBFQAAiEIYAXABwAEG\u0026rs=AOn4CLAcOzdERmiWbRs8iQ9mE3SnuWN8Jg,1427,,,2023-02-19,People \u0026 Blogs,dramatic cider,148,"video, sharing, camera phone, video phone, free, upload"
85,ca73VDyl8hE,paradox / 鈴木凹 feat. 花隈千冬,https://i.ytimg.com/vi/ca73VDyl8hE/hqdefault.jpg?sqp=-oaymwE1CKgBEF5IVfKriqkDKAgBFQAAiEIYAXABwAEG8AEB-AH-CYAC0AWKAgwIABABGGUgZShlMA8=\u0026rs=AOn4CLBz2it6p41RbiTTL3kKgNK7xHGJww,228,,,2023-02-19,People \u0026 Blogs,Ou Suzuki,99,"video, sharing, camera phone, video phone, free, upload"
86,kmsYvfLvp8I,Calvin Ism / 頭.pdf feat.花隈千冬,https://i.ytimg.com/vi/kmsYvfLvp8I/hqdefault.jpg?sqp=-oaymwEbCKgBEF5IVfKriqkDDggBFQAAiEIYAXABwAEG\u0026rs=AOn4CLA84OOz7zSWyjFlHLAgXy85bMtQ5w,126,,,2023-02-20,People \u0026 Blogs,頭pdf,18,"video, sharing, camera phone, video phone, free, upload"
87,YEDxV_ZU0Po,涼風に乗って/花隈千冬［ボカロオリジナル曲］sinthesizerV,https://i.ytimg.com/vi/YEDxV_ZU0Po/hqdefault.jpg?sqp=-oaymwEbCKgBEF5IVfKriqkDDggBFQAAiEIYAXABwAEG\u0026rs=AOn4CLD2CN69U2IZZ0RAhclMvOEWN4Ys2w,470,,,2023-02-21,People \u0026 Blogs,ぷれあ pleia,117,"video, sharing, camera phone, video phone, free, upload"
88,L5LDsNNqFvI,『旅立ち』Wide Blue feat.花隈千冬（Synthesizer V）,https://i.ytimg.com/vi/L5LDsNNqFvI/hqdefault.jpg?sqp=-oaymwEbCKgBEF5IVfKriqkDDggBFQAAiEIYAXABwAEG\u0026rs=AOn4CLD5vYkvsFqebZBClKU256zG77lF7w,441,,,2023-02-24,People \u0026 Blogs,Wide Blue,47,"ボカロ, オリジナル曲, VOCALOID, 花隈千冬, 卒業ソング, synthesizerV"
89,mRXgO7aqUqM,【初音ミク＆花隈千冬】You In the Mirror【オリジナル】,https://i.ytimg.com/vi/mRXgO7aqUqM/hqdefault.jpg?sqp=-oaymwE1CKgBEF5IVfKriqkDKAgBFQAAiEIYAXABwAEG8AEB-AH-CYAC0AWKAgwIABABGFYgXChlMA8=\u0026rs=AOn4CLCTmM07NKvnB_FnJLJSMG-WEX9Erw,150,,,2023-02-25,Music,legata,699,"VOCALOID, SynthesizerV, 初音ミク, 花隈千冬, ミクオリジナル曲, 花隈千冬オリジナル曲, VOCALOIDオリジナル曲, SynthesizerVオリジナル曲, ボカロバラード, HatsuneMiku, HanakumaChifuyu"
90,P8tGOrXQgew,"\""子猫注意報\"" /花隈千冬 #ボカロオルタナティブ祭",https://i.ytimg.com/vi/P8tGOrXQgew/hqdefault.jpg?sqp=-oaymwEbCKgBEF5IVfKriqkDDggBFQAAiEIYAXABwAEG\u0026rs=AOn4CLDbolWZvVtvq0RB9E4Xdp53UrbnEQ,127,,,2023-02-27,Music,Soshina,80,"video, sharing, camera phone, video phone, free, upload"
91,N0iAUrud7Dc,空色の君へ / 花隈千冬,https://i.ytimg.com/vi/N0iAUrud7Dc/hqdefault.jpg?sqp=-oaymwEbCKgBEF5IVfKriqkDDggBFQAAiEIYAXABwAEG\u0026rs=AOn4CLDtjJ6gdf3cmWDIkohyWZ9DmcH7pA,1098,,,2023-02-27,Music,そーた,416,"video, sharing, camera phone, video phone, free, upload"
92,DKpfyb4n410,"ピアス feat.小春六花,花隈千冬",https://i.ytimg.com/vi/DKpfyb4n410/hqdefault.jpg?sqp=-oaymwE1CKgBEF5IVfKriqkDKAgBFQAAiEIYAXABwAEG8AEB-AH-CYAC0AWKAgwIABABGHIgRig5MA8=\u0026rs=AOn4CLCHxmH3uayHex_VbG9zl98bNfzotg,494,,,2023-02-27,Music,稀乃 -mareno-,51,"ボカロ, VOCALOID, ボカロラップ, 花隈千冬, 小春六花, sysnthesizerV"
93,aRAvdW8xKLA,カタスミノハナ【花隈千冬/オリジナル曲】,https://i.ytimg.com/vi/aRAvdW8xKLA/hqdefault.jpg?sqp=-oaymwEbCKgBEF5IVfKriqkDDggBFQAAiEIYAXABwAEG\u0026rs=AOn4CLBfqXxAhMyRuT3u3OT_HHg7az9fZA,424,,,2023-03-01,People \u0026 Blogs,ゆう | Yu,12,"video, sharing, camera phone, video phone, free, upload"
94,9YoEc6TQ-nM,二三月物語 feat. 花隈千冬 / notch_tang【Synthesizer V オリジナル曲】,https://i.ytimg.com/vi/9YoEc6TQ-nM/hqdefault.jpg?sqp=-oaymwEbCKgBEF5IVfKriqkDDggBFQAAiEIYAXABwAEG\u0026rs=AOn4CLAY0f4uXhhWKgZZeL_dsMKWa-h-kw,3479,,,2023-03-01,Music,ノチタ@notch_tang,319,"花隈千冬, SynthesizerV, オリジナル曲, ボカロ, VOCALOID, notch_tang"
95,Z02MtWkqpXA,ミルフイユ / くらP feat. 花隈千冬,https://i.ytimg.com/vi/Z02MtWkqpXA/hqdefault.jpg?sqp=-oaymwEbCKgBEF5IVfKriqkDDggBFQAAiEIYAXABwAEG\u0026rs=AOn4CLAd0-ZYr6rIf6MRZpMBZY3MWrjrkA,174,,,2023-03-01,Music,くらP,278,"video, sharing, camera phone, video phone, free, upload"
96,rpPYH_s_-zE,ゲレンデ【SynthesizerVオリジナル曲/花隈千冬】,https://i.ytimg.com/vi/rpPYH_s_-zE/hqdefault.jpg?sqp=-oaymwEbCKgBEF5IVfKriqkDDggBFQAAiEIYAXABwAEG\u0026rs=AOn4CLA9sarDnL97jyNJxYbo2PQ1ljhupg,299,,,2023-03-01,Music,綾瀞工房,365,"SynthesizerV, 花隈千冬, オリジナル曲, ゲレンデ"
97,2Wi7pJD3ka8,白い約束 / あぷLiZこっと feat.花隈千冬,https://i.ytimg.com/vi/2Wi7pJD3ka8/hqdefault.jpg?sqp=-oaymwEbCKgBEF5IVfKriqkDDggBFQAAiEIYAXABwAEG\u0026rs=AOn4CLBkgC-ESHKjvQvJUamS7KdYolD0Hg,613,,,2023-03-02,Music,あぷLiZこっとチャンネル,294,"vocaloid, synthesizerV, 花隈千冬オリジナル曲, 花隈千冬, 花隈千冬誕生祭"
98,_HUiC4sb25o,ピアノの詩 - たかぴぃ feat.花隈千冬,https://i.ytimg.com/vi/_HUiC4sb25o/hqdefault.jpg?sqp=-oaymwEbCKgBEF5IVfKriqkDDggBFQAAiEIYAXABwAEG\u0026rs=AOn4CLD2b8iBibz5Tqk3Yysl-bhxEofs8Q,2109,,,2023-03-02,Music,たかぴぃ-takapi,3.5K,"たかぴぃ, SynthesizerV, VOCALOID, CeVIOAI, takapira, takapi, 花隈千冬, HanakumaChifuyu, こう1, ピアノの詩, That Song, Piano no Uta"
99,ADiw9dJDJXc,トキヲトメ / 花隈千冬,https://i.ytimg.com/vi/ADiw9dJDJXc/hqdefault.jpg?sqp=-oaymwE1CKgBEF5IVfKriqkDKAgBFQAAiEIYAXABwAEG8AEB-AH-CYAC0AWKAgwIABABGDwgUihlMA8=\u0026rs=AOn4CLA94sBKh-tAlBbPpfD7zqqgqFZFsg,1823,,,2023-03-02,People \u0026 Blogs,じゅんぴょん / Otonari Studio,480,"ado, ヨルシカ, アニソン"
100,Pi67yyRggbA,ニュース速報 / 時間泥棒 feat. 花隈千冬【M20】,https://i.ytimg.com/vi/Pi67yyRggbA/hqdefault.jpg?sqp=-oaymwEbCKgBEF5IVfKriqkDDggBFQAAiEIYAXABwAEG\u0026rs=AOn4CLBdMtBDwKOTkI5MOruUElSJ3Lbq_Q,133,,,2023-03-02,Music,時間泥棒,1.17K,"オリジナル曲, SynthesizerV, 花隈千冬, 時間泥棒"
101,oV_iKwEKp-8,ダカラナンダ / きっくす feat.花隈千冬【Synthesizer V】,https://i.ytimg.com/vi/oV_iKwEKp-8/hqdefault.jpg?sqp=-oaymwEbCKgBEF5IVfKriqkDDggBFQAAiEIYAXABwAEG\u0026rs=AOn4CLAYuEhH8PBkoG1GNfi0O7Nti2ijhQ,647,,,2023-03-02,Music,きっくす(studio biotope),629,VOCALOID
102,rqI-Y-Du6WA,ROOK / 風原 feat. 花隈千冬,https://i.ytimg.com/vi/rqI-Y-Du6WA/hqdefault.jpg?sqp=-oaymwEbCKgBEF5IVfKriqkDDggBFQAAiEIYAXABwAEG\u0026rs=AOn4CLBLD0jecuk1Xd2oV-S3at_ZUgsFcg,3900,,,2023-03-02,Entertainment,風原の音置き場,2K,"video, sharing, camera phone, video phone, free, upload"
103,gLmwtd4hONs,ライトニング・サンダーボルト / 花隈千冬,https://i.ytimg.com/vi/gLmwtd4hONs/hqdefault.jpg?sqp=-oaymwE1CKgBEF5IVfKriqkDKAgBFQAAiEIYAXABwAEG8AEB-AH-CYAC0AWKAgwIABABGFsgZShYMA8=\u0026rs=AOn4CLAuEsqHV7ng2CBNZ4VW1nJ8Mdi9Vg,3233,,,2023-03-02,Music,kiiiiichi,2.82K,"video, sharing, camera phone, video phone, free, upload"
104,LnoJXm6FvKA,フォーリンラベンニュー（foreign lavennew） / コラコーラ feat. 花隈千冬,https://i.ytimg.com/vi/LnoJXm6FvKA/hqdefault.jpg?sqp=-oaymwEbCKgBEF5IVfKriqkDDggBFQAAiEIYAXABwAEG\u0026rs=AOn4CLBk7x3QS4n2BTl8kFZ44PTTttoCxQ,24045,,,2023-03-02,Music,コラコーラ Official,3.09K,"video, sharing, camera phone, video phone, free, upload"
105,LZgsPGCHkSo,【花隈千冬】Agate【Kumaika】,https://i.ytimg.com/vi/LZgsPGCHkSo/hqdefault.jpg?sqp=-oaymwEbCKgBEF5IVfKriqkDDggBFQAAiEIYAXABwAEG\u0026rs=AOn4CLBd7shu1bJt_Uz5675VjqkPQYAZFQ,919,,,2023-03-02,Music,くまいか,82,"花隈千冬, synthesizerv, 花隈千冬誕生祭2023"
106,f13iWL3-oOQ,ナイショのテレパシー/花隈千冬,https://i.ytimg.com/vi/f13iWL3-oOQ/hqdefault.jpg?sqp=-oaymwEbCKgBEF5IVfKriqkDDggBFQAAiEIYAXABwAEG\u0026rs=AOn4CLCIISWllqeCWG3KRoPBhdjfYy2Zzw,166,,,2023-03-02,Music,Lio,588,"初音ミク, DTM, ボカロ, ボーカロイド, VOCALOID, miku, オリジナル曲, 花隈千冬, synthesizerV, AIシンガー"
107,RUEQta6HJIQ,千冬ちゃんネットショッピング／花隈千冬,https://i.ytimg.com/vi/RUEQta6HJIQ/hqdefault.jpg?sqp=-oaymwEbCKgBEF5IVfKriqkDDggBFQAAiEIYAXABwAEG\u0026rs=AOn4CLBNlFkJ7bWkm6PSXfsOANbdxqXDpA,157,,,2023-03-02,Music,ケンタウロス,199,"vocaloid, ボカロ, オリジナル曲, ケンタウロス, 音楽, synthesizerV, synthV, 花隈千冬, 千冬, Japan, music, rock, あたしンち, グラグラゲーム, 1103兆3543億円"
108,wdNjJ3eh8EQ,大女優さん / いよわ feat.花隈千冬（actress / Iyowa feat.Hanakuma Chifuyu）,https://i.ytimg.com/vi/wdNjJ3eh8EQ/hqdefault.jpg?sqp=-oaymwEbCKgBEF5IVfKriqkDDggBFQAAiEIYAXABwAEG\u0026rs=AOn4CLCXyGdaS4F22fQsYx5ojokgOQHd3A,1884633,,,2023-03-03,Music,いよわ/ iyowa,375K,"いよわ, 花隈千冬, vocaloid, ボーカロイド, ポエトリーリーディング, iyowa, Hanakuma Chifuyu"
109,EgZVlSjiAuc,エンドロール / 時間泥棒 feat. 花隈千冬,https://i.ytimg.com/vi/EgZVlSjiAuc/hqdefault.jpg?sqp=-oaymwEbCKgBEF5IVfKriqkDDggBFQAAiEIYAXABwAEG\u0026rs=AOn4CLAvFR_fuWbVKuTdl4GHMA1oIfk44A,228,,,2023-03-08,Music,時間泥棒,1.17K,"オリジナル曲, SynthesizerV, 花隈千冬, 時間泥棒"
110,QVnKyUUCjdo,【初音ミク＆花隈千冬】春猫恋々【オリジナル】,https://i.ytimg.com/vi/QVnKyUUCjdo/hqdefault.jpg?sqp=-oaymwE1CKgBEF5IVfKriqkDKAgBFQAAiEIYAXABwAEG8AEB-AH-CYAC0AWKAgwIABABGFkgXihlMA8=\u0026rs=AOn4CLCS97BYHF3TrVUzoq_OGU3NZx8abg,111,,,2023-03-09,Music,legata,699,"VOCALOID, SynthesizerV, 初音ミク, 花隈千冬, VOCALOID春曲, ミクオリジナル曲, 花隈千冬オリジナル曲, 桜, 春, Miku, Hatsune, Chifuyu, Hanakuma"
111,kbXSmNFZtBQ,オトギリソウ featuring 花隈千冬（SynthesizerV AI）（オリジナル曲）,https://i.ytimg.com/vi/kbXSmNFZtBQ/hqdefault.jpg?sqp=-oaymwE1CKgBEF5IVfKriqkDKAgBFQAAiEIYAXABwAEG8AEB-AH-CYAC0AWKAgwIABABGGYgZihmMA8=\u0026rs=AOn4CLBbOUjQSOZpctkhylg8_PRl_z2HQQ,155,,,2023-03-09,Music,月紫 Tsukushi Ch.,24,"Synthesizer V AI, SynthesizerV, 花隈千冬, オリジナル曲, 花隈千冬オリジナル曲"
112,MMAqILklW6A,Aintops - In the shadow feat. 花隈千冬,https://i.ytimg.com/vi/MMAqILklW6A/hqdefault.jpg?sqp=-oaymwEbCKgBEF5IVfKriqkDDggBFQAAiEIYAXABwAEG\u0026rs=AOn4CLBughRAdbJ87A_RROcPuD5Ez6CNXQ,3959,,,2023-03-11,Music,Aintops Channel,6.61K,"花隈千冬, ボカロ, ボカロオリジナル, ボカロ楽曲, ボカロラップ, synthesizerv"
113,wiahA0cVPbI,Aintops - In the shadow feat. 花隈千冬 #Shorts,https://i.ytimg.com/vi/wiahA0cVPbI/hq2.jpg?sqp=-oaymwE1CKgBEF5IVfKriqkDKAgBFQAAiEIYAHABwAEG8AEB-AG2CIACgA-KAgwIABABGGUgZShlMA8=\u0026rs=AOn4CLAC_FLWUqt-_P6GoaSqQM3eUmdA7g,278,,,2023-03-11,Music,Aintops Channel,6.61K,"ボカロ, vocaloid, ボーカロイド, ボカロオリジナル, ボカロ楽曲, 花隈千冬, synthesizerv"
114,uXpGekzC8Ok,明日への道 / ヌノケン feat.花隈千冬  #10,https://i.ytimg.com/vi/uXpGekzC8Ok/hqdefault.jpg?sqp=-oaymwEbCKgBEF5IVfKriqkDDggBFQAAiEIYAXABwAEG\u0026rs=AOn4CLDVtP_wGl3QAjnygy3qMsfLrgLSaA,4201,,,2023-03-11,Music,ヌノケン(ボカロP),285,"初音ミク, 小春六花, 花隈千冬, SynthesizerV, ボカロ, ボカロP, ボカロ好きと繋がりたい, ボーカロイド, VOCALOID, 音楽, ミュージック, DTM, オリジナル曲, 自作曲, 作ってみた, 歌ってみた, VocaloPost, Vocanew, ヌノケン, ぬのけん, nunoken, 明日への道, nunoken001, YOASOBI, ADO, DECO*27, HoneyWorks, P丸様, Kanaria, ピノキオピー, Yukopi, MATERU, J-POP, Playlist, Japanese, pop, music, J-pop Playlist, Japanese Pop Music, Pop Music, J-Pop Playlist, Vocaloid Playlist, Vocaloid Medley, Hatsune Miku, Koharu Rikka, Natsuki Karin, Hanakuma Chifuyu"
115,9FL_dWmabjQ,END ROLL/ feat 花隈千冬,https://i.ytimg.com/vi/9FL_dWmabjQ/hqdefault.jpg?sqp=-oaymwE1CKgBEF5IVfKriqkDKAgBFQAAiEIYAXABwAEG8AEB-AH-CYAC0AWKAgwIABABGEcgUShlMA8=\u0026rs=AOn4CLDHKfSXyeDUrzB8f42JvCCAVs6nXg,103,,,2023-03-12,Music,梁井柊汰 Official Channel,427,"video, sharing, camera phone, video phone, free, upload"
116,X3DvDwNFAyA,灯りを消して,https://i.ytimg.com/vi/X3DvDwNFAyA/hqdefault.jpg?sqp=-oaymwEbCKgBEF5IVfKriqkDDggBFQAAiEIYAXABwAEG\u0026rs=AOn4CLC94C5BXGs6kR2IkqaeZ3c4rZvGtg,1474,,,2023-03-15,Music,のあ,703,"のあ, はるまきごはん, カンザキイオリ, KAMITSUBAKI STUDIO, VOCALOID, ボカロ, 歌ってみた, ボカロP, Mili, mili, 可不, キタニタツヤ, 神はサイコロを振らない, 花譜, いよわ, 裏命, 花隈千冬, SynthV, Synthesizer V"
117,sbQAgox4V6w,ありふれた恋の歌 / feat. 花隈千冬【ボカロオリジナル】,https://i.ytimg.com/vi/sbQAgox4V6w/hqdefault.jpg?sqp=-oaymwEbCKgBEF5IVfKriqkDDggBFQAAiEIYAXABwAEG\u0026rs=AOn4CLCUitjsEeeFt4wwMLJO-E_Rf-7-2w,293,,,2023-03-17,Music,1UP Seseri,228,"ボカロ, Synthesizer V, ミク, DTM, 1UP Seseri, Vocaloid original, ボカロ, オリジナル曲, ボカロ, ロック, 新人, ボカロP, ボカロ, 悲しい, オリジナル曲, 花隈千冬, 花隈千冬, シンセV, ボカロ, 恋愛, ボカロ, 失恋, ボカロ, 愛, ボカロ, 恋の唄, ボカロ, 告白, ボカロ, 死, ボカロ, 別れ, ボカロ, 恋バナ"
118,XAFuUz5nYVk,いのくち(inokuchi) - Twilight feat. 花隈千冬,https://i.ytimg.com/vi/XAFuUz5nYVk/hqdefault.jpg?sqp=-oaymwEbCKgBEF5IVfKriqkDDggBFQAAiEIYAXABwAEG\u0026rs=AOn4CLB5Y0W0yU6b2e3MJokmEfn0Y4TQdQ,232,,,2023-03-18,Music,いのくち (inokuchi),832,"video, sharing, camera phone, video phone, free, upload"
119,3U5ZkFKm0fE,【オリジナル曲】花火/虫恋 feat.花隈千冬,https://i.ytimg.com/vi/3U5ZkFKm0fE/hqdefault.jpg?sqp=-oaymwEbCKgBEF5IVfKriqkDDggBFQAAiEIYAXABwAEG\u0026rs=AOn4CLBU_XTANS03TtvAV5vMr8pCK80pzA,2490,,,2023-03-18,Gaming,,343,"video, sharing, camera phone, video phone, free, upload"
120,NgnA-Q5u98w,花かがり feat. 花隈千冬 / riel \u0026 UKIU,https://i.ytimg.com/vi/NgnA-Q5u98w/hqdefault.jpg?sqp=-oaymwEbCKgBEF5IVfKriqkDDggBFQAAiEIYAXABwAEG\u0026rs=AOn4CLD2sttIrlmrduzOmRlvSeFHpclVOw,182,,,2023-03-18,Music,riel,7,"video, sharing, camera phone, video phone, free, upload"
121,8IlwpNYSTqY,トライアングル△メロディ / クラリネ feat. 小春六花 × 夏色花梨 × 花隈千冬【オリジナル曲】,https://i.ytimg.com/vi/8IlwpNYSTqY/hqdefault.jpg?sqp=-oaymwE1CKgBEF5IVfKriqkDKAgBFQAAiEIYAXABwAEG8AEB-AH-CYAC0AWKAgwIABABGGUgUyhlMA8=\u0026rs=AOn4CLD9O8xxKkcAdVTZ2s37uRnT8ATUZQ,305,,,2023-03-18,People \u0026 Blogs,クラリネ,11,"video, sharing, camera phone, video phone, free, upload"
122,6Dh81HN6ACM,【花隈千冬】「端末の恋人」 作詞／高山小石　作曲・編曲／仙道アリマサ　Synthesizer V ボカロ ボーカロイド VOCALOID,https://i.ytimg.com/vi/6Dh81HN6ACM/hqdefault.jpg?sqp=-oaymwEbCKgBEF5IVfKriqkDDggBFQAAiEIYAXABwAEG\u0026rs=AOn4CLD5ZU04aYc35KRyF-xAOOkMdoTmAw,308,,,2023-03-18,Music,仙道アリマサ,669,"video, sharing, camera phone, video phone, free, upload"
123,uKUDSUEQQLg,ファヴェル/ あいぶるーむ feat.花隈千冬 (farvel / Ibroom feat.Hanakuma Chifuyu),https://i.ytimg.com/vi/uKUDSUEQQLg/hqdefault.jpg?sqp=-oaymwEbCKgBEF5IVfKriqkDDggBFQAAiEIYAXABwAEG\u0026rs=AOn4CLCR_FmEYMavIFY8NsPA5YHzNLjCIw,3111,,,2023-03-18,Music,あいぶるーむ,111,"video, sharing, camera phone, video phone, free, upload"
124,19wG7sdkjcM,【花隈千冬】蜜月の鈴蘭【SynthVオリジナル曲】,https://i.ytimg.com/vi/19wG7sdkjcM/hqdefault.jpg?sqp=-oaymwEbCKgBEF5IVfKriqkDDggBFQAAiEIYAXABwAEG\u0026rs=AOn4CLB9UWa5UB9Fxfn8qH7P88M6DBthLw,209,,,2023-03-18,Music,ノーコア | nocore,424,"オリジナル曲, synthv, synthesizerv, dtm"
125,22OOhJAeUBo,幻実世界で、また。│花隈千冬,https://i.ytimg.com/vi/22OOhJAeUBo/hqdefault.jpg?sqp=-oaymwEbCKgBEF5IVfKriqkDDggBFQAAiEIYAXABwAEG\u0026rs=AOn4CLD2KWieLt4MhOmPzNFDsxvg6_s8CQ,231,,,2023-03-18,Music,2293P,94,"video, sharing, camera phone, video phone, free, upload"
126,nEopFJ6Xwgo,『思い通りなのに』MAMIZU feat.花隈千冬 #shorts,https://i.ytimg.com/vi/nEopFJ6Xwgo/hq2.jpg?sqp=-oaymwE1CKgBEF5IVfKriqkDKAgBFQAAiEIYAHABwAEG8AEB-AG2CIACgA-KAgwIABABGEQgVihlMA8=\u0026rs=AOn4CLD5gI2l2aNcjyrpy26YnYd7qi6hJQ,227,,,2023-03-18,Music,MAMIZU,671,"花隈千冬, synthesizerv, オリジナル曲"
127,a0R_lIpQsBs,メテオライト / 花隈千冬 (Meteorite / Synthesizer V Hanakuma Chifuyu),https://i.ytimg.com/vi/a0R_lIpQsBs/hqdefault.jpg?sqp=-oaymwEbCKgBEF5IVfKriqkDDggBFQAAiEIYAXABwAEG\u0026rs=AOn4CLBtq45oeFIPCWDreNNP_-Fk1E8hJg,7334,,,2023-03-19,Music,monory,44,"#VOCALOID, #synthesizerv, #花隈千冬, synthesizervオリジナル曲, 花隈千冬オリジナル曲"
128,KaQ3cNdL_u4,バカにしないで /  feat. 花隈千冬,https://i.ytimg.com/vi/KaQ3cNdL_u4/hqdefault.jpg?sqp=-oaymwEbCKgBEF5IVfKriqkDDggBFQAAiEIYAXABwAEG\u0026rs=AOn4CLDhEhttNguUHQTUv3B9qv3gAX4gzw,157,,,2023-03-19,Music,半熟ユッケ,10,"VOCALOID, 花隈千冬, ボカコレ, Synthesizer V"
129,N4H-ZJ5KFKk,環状パラノイア /花隈千冬,https://i.ytimg.com/vi/N4H-ZJ5KFKk/hqdefault.jpg?sqp=-oaymwEbCKgBEF5IVfKriqkDDggBFQAAiEIYAXABwAEG\u0026rs=AOn4CLBShwOLYW8zDcbJZPf4_6ngQdne_A,4554,,,2023-03-19,People \u0026 Blogs,MA-Yoi,1K,"YOASOBI, 夜に駆ける, ツミキ, トウキョウ・シャンディ・ランデヴー, なきそ, 米津玄師, フォニィ, Ado, 踊, いよわ, ピノキオピー"
130,P6sHinVJ0vM,butterfly feat. 夏色花梨と花隈千冬,https://i.ytimg.com/vi/P6sHinVJ0vM/hqdefault.jpg?sqp=-oaymwE1CKgBEF5IVfKriqkDKAgBFQAAiEIYAXABwAEG8AEB-AH-CYAC0AWKAgwIABABGE0gWihlMA8=\u0026rs=AOn4CLAHAnfPs9-pwQT2tG-e2Tcw-zcC_g,140,,,2023-03-19,Music,白河くま,46,"video, sharing, camera phone, video phone, free, upload"
131,AcOl-M4BTUQ,ぶらっくかおす/ feat. 花隈千冬×Mai,https://i.ytimg.com/vi/AcOl-M4BTUQ/hqdefault.jpg?sqp=-oaymwEbCKgBEF5IVfKriqkDDggBFQAAiEIYAXABwAEG\u0026rs=AOn4CLCQQuzXba4i6i9vmCu9IHvYs8ZFoA,237,,,2023-03-19,Music,おっちょ,503,"video, sharing, camera phone, video phone, free, upload"
132,NKOj5oK5J_M,メテオライト / 花隈千冬 (Meteorite / Synthesizer V Hanakuma Chifuyu) #shorts,https://i.ytimg.com/vi/NKOj5oK5J_M/hq2.jpg?sqp=-oaymwE1CKgBEF5IVfKriqkDKAgBFQAAiEIYAHABwAEG8AEB-AG2CIACgA-KAgwIABABGEogXyhlMA8=\u0026rs=AOn4CLB6PfUipV3b9qYLprA7N4n8nHDc-Q,5517,,,2023-03-19,Music,monory,44,"VOCALOID, synthesizerv, synthesizervオリジナル曲, 花隈千冬, 花隈千冬オリジナル曲"
133,NTDmIcBPN7g,眩暈／花隈千冬,https://i.ytimg.com/vi/NTDmIcBPN7g/hqdefault.jpg?sqp=-oaymwE1CKgBEF5IVfKriqkDKAgBFQAAiEIYAXABwAEG8AEB-AH-CYAC0AWKAgwIABABGGUgZShlMA8=\u0026rs=AOn4CLD965VEnaQ37D86WVWS0qswxSuTBg,181,,,2023-03-19,Music,Yoseisan,314,"VOCALOID, 花隈千冬, オリジナル曲"
134,781ufzWVifY,【オリジナル】StereoDaydream / feat.花隈千冬,https://i.ytimg.com/vi/781ufzWVifY/hqdefault.jpg?sqp=-oaymwE1CKgBEF5IVfKriqkDKAgBFQAAiEIYAXABwAEG8AEB-AH-CYAC0AWKAgwIABABGEUgZShlMA8=\u0026rs=AOn4CLCd2xLfhHvdFvlLyvw0ZQRORSeDZw,700,,,2023-03-20,People \u0026 Blogs,ざるぼうる / ZalBowl,322,"video, sharing, camera phone, video phone, free, upload"
135,Mbv5bbJ4z2Q,烏の旗 / 花隈千冬,https://i.ytimg.com/vi/Mbv5bbJ4z2Q/hqdefault.jpg?sqp=-oaymwEbCKgBEF5IVfKriqkDDggBFQAAiEIYAXABwAEG\u0026rs=AOn4CLBO0oMugLF4LTlQS1J5RUTb7ldeiQ,211,,,2023-03-20,Music,氷笠家屋,137,"SynthesizerV, SynthV"
136,yZ4ImkS-TSI,花道 / A-M feat.花隈千冬（Hanakuma Chifuyu）,https://i.ytimg.com/vi/yZ4ImkS-TSI/hqdefault.jpg?sqp=-oaymwEbCKgBEF5IVfKriqkDDggBFQAAiEIYAXABwAEG\u0026rs=AOn4CLCfIJZSn1ppBlCJ0Oi0hzbzzy7DWg,3290,,,2023-03-21,Music,A-M,427,"video, sharing, camera phone, video phone, free, upload"
137,1VnzBFwZ6LE,ソムニア / 常磐 feat:花隈千冬,https://i.ytimg.com/vi/1VnzBFwZ6LE/hqdefault.jpg?sqp=-oaymwEbCKgBEF5IVfKriqkDDggBFQAAiEIYAXABwAEG\u0026rs=AOn4CLB2O-av-A_J5fd8ZE67aADgYhMdpg,275,,,2023-03-21,Music,常磐_tokiwa,19,"video, sharing, camera phone, video phone, free, upload"
138,GhrbDLKTsPI,【オリジナル曲】スキトヲル feat.花隈千冬【オリジナルMV】,https://i.ytimg.com/vi/GhrbDLKTsPI/hqdefault.jpg?sqp=-oaymwEbCKgBEF5IVfKriqkDDggBFQAAiEIYAXABwAEG\u0026rs=AOn4CLBcjQEupah9sSCHpvyrBpvNTzV2xw,1238,,,2023-03-21,People \u0026 Blogs,,1.24K,ヒオノオト
139,1VFaBaTu5kA,【夏色花梨＆花隈千冬】ADOLESCENCE DREAMER（オリジナル）,https://i.ytimg.com/vi/1VFaBaTu5kA/hqdefault.jpg?sqp=-oaymwEbCKgBEF5IVfKriqkDDggBFQAAiEIYAXABwAEG\u0026rs=AOn4CLCEzW7neug6kcRt8gWvamsJck5cyA,314,,,2023-03-21,People \u0026 Blogs,fuinki,186,"video, sharing, camera phone, video phone, free, upload"
140,HR23yk299Vo,「BAN」feat.花隈千冬【MV】,https://i.ytimg.com/vi/HR23yk299Vo/hqdefault.jpg?sqp=-oaymwEbCKgBEF5IVfKriqkDDggBFQAAiEIYAXABwAEG\u0026rs=AOn4CLDf3aXVPpqbaPjWdMrN7Hd9RSCXVA,4565,,,2023-03-22,Music,metamol,1.98K,"Suchmos, King Gnu, ずっと真夜中でいいのに, 須田景凪, sekai no owari, Vaundy, PERIMETRON, Tempalay, Mr. Green Apple, RADWIMPS, BUMP OF CHIKEN, 米津玄師, ナナヲアカリ, ずとまよ, シンガーソングライター, ヒトリエ, バンド, インディーズ, Neru, まふまふ, sajou no hana, 神様, 僕は気づいてしまった, 神僕, 神山羊, ヨルシカ, 有機酸, yama, Ado, くじら, バルーン, シャルル, キングヌー, ユアネス, ポルカドットスティングレイ, カネコアツシ, エジマハルシ, ドミコ, domico, はるまきごはん, Eve, Sou, 呪術廻戦, 夏油, 人間みたいね, Rainy, 鏡音リン, 初音ミク, 花譜, 小林私, 美波, THE BINARY, 煮ル果実, DUSTCELL, ALI, チェーンソーマン, 笹川真緒, 南雲ゆうき, n-buna, Awsome City Club, 藤井風, キタニタツヤ, vocaloid, ボカロ, 可不, かふ, kafu, 花隈千冬, 千冬, Chihuyu, SynthesizerV"
141,Q_Ox5skLCpY,終末のラプソディ / 時間泥棒 feat. 花隈千冬,https://i.ytimg.com/vi/Q_Ox5skLCpY/hqdefault.jpg?sqp=-oaymwEbCKgBEF5IVfKriqkDDggBFQAAiEIYAXABwAEG\u0026rs=AOn4CLBS1TQiRZKxPv81JI3-v-TcUloCyw,121,,,2023-03-22,Music,時間泥棒,1.17K,"オリジナル曲, SynthesizerV, 花隈千冬, ピアノボカロ, 時間泥棒"
142,ZOleEVp9abo,C'Na「スノードロップ」feat. 花隈千冬,https://i.ytimg.com/vi/ZOleEVp9abo/hqdefault.jpg?sqp=-oaymwEbCKgBEF5IVfKriqkDDggBFQAAiEIYAXABwAEG\u0026rs=AOn4CLCh0mh9MlBDHI69gn7aLAEPfRRj7w,11964,,,2023-03-22,People \u0026 Blogs,C'Na,684,"video, sharing, camera phone, video phone, free, upload"
143,9mfjtfqiZ7I,この青いバス停で feat.花隈千冬,https://i.ytimg.com/vi/9mfjtfqiZ7I/hqdefault.jpg?sqp=-oaymwE1CKgBEF5IVfKriqkDKAgBFQAAiEIYAXABwAEG8AEB-AH-CYAC0AWKAgwIABABGEYgXyhlMA8=\u0026rs=AOn4CLAUC22IHrToVmfAbPEEfCJLDrb3Gw,7343,,,2023-03-22,Music,um.,1.07K,"video, sharing, camera phone, video phone, free, upload"
144,M2uleR1g2Ow,"\""真酔い猫\"" / 花隈千冬 \u0026 ついなちゃん #ボカコレ2023春ルーキー",https://i.ytimg.com/vi/M2uleR1g2Ow/hqdefault.jpg?sqp=-oaymwEbCKgBEF5IVfKriqkDDggBFQAAiEIYAXABwAEG\u0026rs=AOn4CLDhCr4jPGPooPaqjzK9uqPJJzXu3A,125,,,2023-03-22,Music,Soshina,80,"video, sharing, camera phone, video phone, free, upload"
145,8m44ZxOce_o,【Synthesizer V】桜色の雪/花隈千冬【オリジナル曲】,https://i.ytimg.com/vi/8m44ZxOce_o/hqdefault.jpg?sqp=-oaymwEbCKgBEF5IVfKriqkDDggBFQAAiEIYAXABwAEG\u0026rs=AOn4CLAMSPy_HdH438JGXJvj53gJoePFMA,206,,,2023-03-22,People \u0026 Blogs,小川ナギ,9,"video, sharing, camera phone, video phone, free, upload"
146,Q6jSNj1M58A,Stellar magic / 花隈千冬\u0026星界,https://i.ytimg.com/vi/Q6jSNj1M58A/hqdefault.jpg?sqp=-oaymwEbCKgBEF5IVfKriqkDDggBFQAAiEIYAXABwAEG\u0026rs=AOn4CLCUs9I7yZ7PVQvl9baouf3Hme0s8Q,417,,,2023-03-23,Music,Magnetite（社畜大豆）,961,"Vocaloid, SynthV, Synthesizer V, 花隈千冬, TOKYO6, 魔法少女, Stellar magic, 星界, 音楽的同位体, ボカコレ, ボカコレ2023春, Magnetite, 社畜大豆, CeVIO_AI"
147,MXZMxtUpeZM,ハッピータイム。/アメリカ民謡研究会,https://i.ytimg.com/vi/MXZMxtUpeZM/hqdefault.jpg?sqp=-oaymwEbCKgBEF5IVfKriqkDDggBFQAAiEIYAXABwAEG\u0026rs=AOn4CLAkaWAUhI3aDBKP-t2gi8pjYXzvzA,164660,,,2023-03-24,Music,アメリカ民謡研究会,46.9K,"VOCALOID, VOICEROID, ポエトリーリーディング"
148,Ar5es_8fEZQ,逆境レジスタンス/小春六花\u0026夏色花梨\u0026花隈千冬,https://i.ytimg.com/vi/Ar5es_8fEZQ/hqdefault.jpg?sqp=-oaymwEbCKgBEF5IVfKriqkDDggBFQAAiEIYAXABwAEG\u0026rs=AOn4CLBi8dTq3-uMwtbNgDGnSrQK5LytlA,363,,,2023-03-24,Music,Nε:0nさん,97,"video, sharing, camera phone, video phone, free, upload"
149,AHV1sv0yGqc,先生あのね feat.花隈千冬 / TOKOTOKO（西沢さんP）,https://i.ytimg.com/vi/AHV1sv0yGqc/hqdefault.jpg?sqp=-oaymwEbCKgBEF5IVfKriqkDDggBFQAAiEIYAXABwAEG\u0026rs=AOn4CLBO6__mf1R2CAIrgBGboYaBGfmzww,262422,,,2023-03-24,Music,TOKOTOKO / 西沢さんP / zawaso Official,149K,"VOCALOID, SynthesizerV, 花隈千冬, 西沢P, ボカロ, ボーカロイド"
150,s68n22eM6jA,TKN - 君と僕と鯨(Whale) ft. 花隈千冬,https://i.ytimg.com/vi/s68n22eM6jA/hqdefault.jpg?sqp=-oaymwE1CKgBEF5IVfKriqkDKAgBFQAAiEIYAXABwAEG8AEB-AH-CYAC0AWKAgwIABABGEIgYyhlMA8=\u0026rs=AOn4CLAg_gZB7gX6_pcjjPEszqPvn5CLZQ,2003,,,2023-03-24,Music,TKNMusic,3.12K,"TKN, VOCALOID"
151,AzHM1vCvQ64,[Original] KANADE - Occursum ( feat.花隈千冬 ),https://i.ytimg.com/vi/AzHM1vCvQ64/hqdefault.jpg?sqp=-oaymwE1CKgBEF5IVfKriqkDKAgBFQAAiEIYAXABwAEG8AEB-AH-CYAC0AWKAgwIABABGGUgZShlMA8=\u0026rs=AOn4CLAr27aDUPKl3yth-lzhG04qh9SI3w,108,,,2023-03-24,People \u0026 Blogs,かなで,11,"video, sharing, camera phone, video phone, free, upload"
152,NJ4etk3G0Eg,【花隈千冬】Aster【Kumaika】,https://i.ytimg.com/vi/NJ4etk3G0Eg/hqdefault.jpg?sqp=-oaymwEbCKgBEF5IVfKriqkDDggBFQAAiEIYAXABwAEG\u0026rs=AOn4CLDaQDO-CRp_xfKDbwqims-lLkiZBA,197,,,2023-03-25,Music,くまいか,82,"花隈千冬, synthesizerv, VOCALOID"
153,MgQ2mZcWFUc,ag feat. 花隈千冬 - Half awake,https://i.ytimg.com/vi/MgQ2mZcWFUc/hqdefault.jpg?sqp=-oaymwEbCKgBEF5IVfKriqkDDggBFQAAiEIYAXABwAEG\u0026rs=AOn4CLCOMgOqa3Qwl4RaugeF6uOjcn4sBA,1514,,,2023-03-26,Music,ag,447,"video, sharing, camera phone, video phone, free, upload"
154,uB_jQ8H2Yeg,一千光年 / いよわ feat. 初音ミク、v_flower、歌愛ユキ、GUMI、可不、星界、足立レイ、裏命、花隈千冬、VY1、SOLARIA（KLY / Iyowa with AllSingers）,https://i.ytimg.com/vi/uB_jQ8H2Yeg/hqdefault.jpg?sqp=-oaymwEbCKgBEF5IVfKriqkDDggBFQAAiEIYAXABwAEG\u0026rs=AOn4CLCxKhMkPuIiHkQN1i6b8p0FY2AyJw,2550043,,,2023-03-26,Music,いよわ/ iyowa,375K,"video, sharing, camera phone, video phone, free, upload"
155,DSP0jbvTqlA,"【オリジナル曲】Primavera! feat. 小春六花, 夏色花梨, 花隈千冬 \u0026 Mai (Official Audio with Lyrics)",https://i.ytimg.com/vi/DSP0jbvTqlA/hqdefault.jpg?sqp=-oaymwE1CKgBEF5IVfKriqkDKAgBFQAAiEIYAXABwAEG8AEB-AH-CYAC0AWKAgwIABABGGUgWihcMA8=\u0026rs=AOn4CLBusxUgA2EKFz7Q46xCvZxmIsVZnQ,130,,,2023-03-26,Music,Aquasnow Music,119,"video, sharing, camera phone, video phone, free, upload"
156,3ZvN1F7YFTM,FILM STAR feat. 花隈千冬 / notch_tang【Synthesizer V オリジナル曲】,https://i.ytimg.com/vi/3ZvN1F7YFTM/hqdefault.jpg?sqp=-oaymwEbCKgBEF5IVfKriqkDDggBFQAAiEIYAXABwAEG\u0026rs=AOn4CLC2YMHp2dxxq0JpvuHN6Ww5pjCU-Q,1273,,,2023-03-27,Music,ノチタ@notch_tang,319,"花隈千冬, SynthesizerV, オリジナル曲, ボカロ, VOCALOID, notch_tang"
157,B5gmaYDjEZU,ラストオーダー / 時間泥棒 feat. 花隈千冬,https://i.ytimg.com/vi/B5gmaYDjEZU/hqdefault.jpg?sqp=-oaymwEbCKgBEF5IVfKriqkDDggBFQAAiEIYAXABwAEG\u0026rs=AOn4CLCpEmu2pWs2fq_U7BowJhrhqeLnrw,205,,,2023-03-29,Music,時間泥棒,1.17K,"ボカロピアノ, オリジナル曲, SynthesizerV, 花隈千冬, SynthV, 時間泥棒"
158,c_96dQ4HXRY,「花色シンフォニー」feat. 小春六花・夏色花梨・花隈千冬 【SynthVオリジナル曲】,https://i.ytimg.com/vi/c_96dQ4HXRY/hqdefault.jpg?sqp=-oaymwEbCKgBEF5IVfKriqkDDggBFQAAiEIYAXABwAEG\u0026rs=AOn4CLAliYvucTjFWf-OOIQpL2Kct9lsvQ,496,,,2023-03-31,Music,Keroism,10,"SynthesizerV, 小春六花, 夏色花梨, 花隈千冬"
159,adgb28FN_Q4,柊マグネタイト「再見ロマネスク」feat. 花隈千冬【Official Music Video】,https://i.ytimg.com/vi/adgb28FN_Q4/hqdefault.jpg?sqp=-oaymwEbCKgBEF5IVfKriqkDDggBFQAAiEIYAXABwAEG\u0026rs=AOn4CLBlKG9_22MrBnPCiS6GL9jvhj2NPg,587593,,,2023-03-31,Music,,206K,"ボカロ, ボーカロイド, VOCALOID, 柊マグネタイト, 花隈千冬"
160,R1OTXRRDSQs,バイバイ花柄スカート ft.花隈千冬,https://i.ytimg.com/vi/R1OTXRRDSQs/hqdefault.jpg?sqp=-oaymwE1CKgBEF5IVfKriqkDKAgBFQAAiEIYAXABwAEG8AEB-AH-CYAC0AWKAgwIABABGHIgOihlMA8=\u0026rs=AOn4CLBdGGaUb1BObneakIV4AolVG7jeiA,1314,,,2023-04-01,People \u0026 Blogs,MOノイズキャンセリ,356,"花隈千冬, SynthV, vocaloid, オリジナル曲"
161,gT-MpL_HcdQ,精神薬が切れる前に/花隈千冬【オリジナル曲】,https://i.ytimg.com/vi/gT-MpL_HcdQ/hqdefault.jpg?sqp=-oaymwEbCKgBEF5IVfKriqkDDggBFQAAiEIYAXABwAEG\u0026rs=AOn4CLAO3MavtMyGFvxVZVr8WKyxTtK4NQ,7377,,,2023-04-02,People \u0026 Blogs,,4.64K,"video, sharing, camera phone, video phone, free, upload"
162,vAnE00VL9oM,幻日 / 花隈千冬,https://i.ytimg.com/vi/vAnE00VL9oM/hqdefault.jpg?sqp=-oaymwEbCKgBEF5IVfKriqkDDggBFQAAiEIYAXABwAEG\u0026rs=AOn4CLC30G1gZo6hH8vhUj106iBmaFWF1Q,636,,,2023-04-04,Music,そーた,416,"video, sharing, camera phone, video phone, free, upload"
163,Y4CcpTjxgB8,【花隈千冬】ハイパーインフレーション・マーセナリースクラッパー / asanuko【SynthV Cover】,https://i.ytimg.com/vi/Y4CcpTjxgB8/hqdefault.jpg?sqp=-oaymwE1CKgBEF5IVfKriqkDKAgBFQAAiEIYAXABwAEG8AEB-AH-CYAC0AWKAgwIABABGH8gLyhVMA8=\u0026rs=AOn4CLCKLCq0DJj3_nRdEGlpJgI2Lk3Yyg,879,,,2023-04-04,Music,Uekura Katsushi,251,花隈千冬
164,T8QSJOnAMVc,キャスト / 時間泥棒 feat. 花隈千冬,https://i.ytimg.com/vi/T8QSJOnAMVc/hqdefault.jpg?sqp=-oaymwEbCKgBEF5IVfKriqkDDggBFQAAiEIYAXABwAEG\u0026rs=AOn4CLC1bAKet5hslOpSVsZ1wsF-i_JioA,218,,,2023-04-05,Music,時間泥棒,1.17K,"ボカロピアノ, オリジナル曲, SynthesizerV, 花隈千冬, 時間泥棒"
165,y0jSjj5KXZI,私だけのプロローグ / 花隈千冬×小春六花×夏色花梨,https://i.ytimg.com/vi/y0jSjj5KXZI/hqdefault.jpg?sqp=-oaymwEbCKgBEF5IVfKriqkDDggBFQAAiEIYAXABwAEG\u0026rs=AOn4CLAB0Iqxo2Rh0yUWGhTp2Hq318PvbQ,733,,,2023-04-06,People \u0026 Blogs,,365,"video, sharing, camera phone, video phone, free, upload"
166,KkK0x0lQmzU,【初音ミク＆花隈千冬】ナニイッテンノ？【オリジナル】,https://i.ytimg.com/vi/KkK0x0lQmzU/hqdefault.jpg?sqp=-oaymwE1CKgBEF5IVfKriqkDKAgBFQAAiEIYAXABwAEG8AEB-AH-CYAC0AWKAgwIABABGGUgZShlMA8=\u0026rs=AOn4CLA5mcnkZlboJVkwlRZ-iNQsfDVTAQ,179,,,2023-04-07,Music,legata,699,"VOCALOID, SynthesizerV, 初音ミク, 花隈千冬, 初音ミクオリジナル曲, 花隈千冬オリジナル曲"
167,SAdI1rqZJRg,【花隈千冬】センチメンタル・ペインティング（Sentimental Painting）【Synthesizer V オリジナル曲】,https://i.ytimg.com/vi/SAdI1rqZJRg/hqdefault.jpg?sqp=-oaymwE1CKgBEF5IVfKriqkDKAgBFQAAiEIYAXABwAEG8AEB-AH-CYAC0AWKAgwIABABGHIgRigzMA8=\u0026rs=AOn4CLAOTTXkvoYImJagkShtDy51UAgumQ,518,,,2023-04-07,Music,野良犬P  NorainuP,710,"VOCALOID, SynthV, Synthesizer V, 花隈千冬, ボカロ, ボーカロイド, オリジナル曲"
168,x2hBBi4JwRI,天国マイレージ / 頭.pdf (feat.花隈千冬),https://i.ytimg.com/vi/x2hBBi4JwRI/hqdefault.jpg?sqp=-oaymwEbCKgBEF5IVfKriqkDDggBFQAAiEIYAXABwAEG\u0026rs=AOn4CLB8SguWL1WcDAWgVC3O403AFmv8MQ,372,,,2023-04-08,People \u0026 Blogs,頭pdf,18,"video, sharing, camera phone, video phone, free, upload"
169,0jKeuPZbsbk,機械 夕立P feat.花隈千冬,https://i.ytimg.com/vi/0jKeuPZbsbk/hqdefault.jpg?sqp=-oaymwE1CKgBEF5IVfKriqkDKAgBFQAAiEIYAXABwAEG8AEB-AH-CYAC0AWKAgwIABABGEggZShSMA8=\u0026rs=AOn4CLANyjS3_Akkv3vViXqXAwjXUm-pkA,110,,,2023-04-08,Music,夕立Pチャンネル,984,花隈千冬
170,gWoeVp40qzY,【風水P】ワールドユナイト－ The World Unites feat. 花隈千冬【Original MV】,https://i.ytimg.com/vi/gWoeVp40qzY/hqdefault.jpg?sqp=-oaymwEbCKgBEF5IVfKriqkDDggBFQAAiEIYAXABwAEG\u0026rs=AOn4CLArp6jQhrpUW70qa6HUJy6dZ7hgRA,6955,,,2023-04-09,Music,風水ちゃんねる Studio風鈴亭,1.48K,"ガンドルフォ, UCqTBfytLwDHEm8fLTgqt9Sg, studio 風鈴亭, 風水, アゾ, 風鈴亭, サマナーズウォー, ガンダムオンライン, ボーカロイド, アニソン, アニソン風鈴亭, サマナーズウォーskyarena, ワリーナ, Steam, 初音ミク, ボカロ, 声優, 歌ってみた, サマナ, アプリ, eスポーツ, 対人戦, ゲーム, ガチャ, ガチャ祭り, ガンエボ, ガンダムエボリューション, GUNDAM EVOLUTION, 風水P, HuusuiP, ボカロ曲, サマクロ, クロニクル, サマナクロ, サマナーズウォークロニクル, MMORPG"
171,QvjdnwaNJmg,[オリジナル] RyuiY  - 不可視感情 (feat.花隈千冬),https://i.ytimg.com/vi/QvjdnwaNJmg/hqdefault.jpg?sqp=-oaymwEbCKgBEF5IVfKriqkDDggBFQAAiEIYAXABwAEG\u0026rs=AOn4CLDt5BJW04TJ9tlIqtkx5nxicYj-XQ,457,,,2023-04-10,People \u0026 Blogs,RyuiY,567,"video, sharing, camera phone, video phone, free, upload"
172,Uktq4Onzdic,【花隈千冬＆初音ミク】スターピーシーズ【オリジナル】,https://i.ytimg.com/vi/Uktq4Onzdic/hqdefault.jpg?sqp=-oaymwE1CKgBEF5IVfKriqkDKAgBFQAAiEIYAXABwAEG8AEB-AH-CYAC0AWKAgwIABABGEAgYyhlMA8=\u0026rs=AOn4CLAU4XQvLg0ph5xJTTguTaIjRllHUg,110,,,2023-04-11,Music,legata,699,"VOCALOID, SynthesizerV, ボカロ, 初音ミク, 花隈千冬, ミクオリジナル曲, 花隈千冬オリジナル曲, ポップ"
173,ks__PRhrze0,喫茶 / 時間泥棒 feat. 花隈千冬,https://i.ytimg.com/vi/ks__PRhrze0/hqdefault.jpg?sqp=-oaymwEbCKgBEF5IVfKriqkDDggBFQAAiEIYAXABwAEG\u0026rs=AOn4CLC-uGwlBtSRg3oB2u2ccD12GF5JUg,221,,,2023-04-12,Music,時間泥棒,1.17K,"ボカロピアノ, オリジナル曲, SynthesizerV, 花隈千冬, 時間泥棒, 新曲リンク"
174,En3w-ZRBsAI,月と君/まよいねずみ feat.花隈千冬,https://i.ytimg.com/vi/En3w-ZRBsAI/hqdefault.jpg?sqp=-oaymwEbCKgBEF5IVfKriqkDDggBFQAAiEIYAXABwAEG\u0026rs=AOn4CLCgNYVbu7g2MOTlIsMoLL3q0M1GuQ,558,,,2023-04-12,Music,まよいねずみ,39,"花隈千冬, へいぼん, 2997, VOCALOID"
175,C4Tw4H_FelU,パパとパン屋（オリジナル楽曲）feat 花隈千冬,https://i.ytimg.com/vi/C4Tw4H_FelU/hqdefault.jpg?sqp=-oaymwEbCKgBEF5IVfKriqkDDggBFQAAiEIYAXABwAEG\u0026rs=AOn4CLBjMNEKbMgM3cMkFds2umluG7H5yA,230,,,2023-04-12,Film \u0026 Animation,a-sya (アーシャ),334,Wondershare Filmora
176,jg26gl0BF8A,アルコール　feat.花隈千冬,https://i.ytimg.com/vi/jg26gl0BF8A/hqdefault.jpg?sqp=-oaymwEbCKgBEF5IVfKriqkDDggBFQAAiEIYAXABwAEG\u0026rs=AOn4CLC7F07q0lYMU_Fyx5YrblMIE1Bcow,155,,,2023-04-18,Music,SOLITUDE,1.56K,"video, sharing, camera phone, video phone, free, upload"
177,crWLKhH1SJI,壊れた窓 / 時間泥棒 feat. 花隈千冬,https://i.ytimg.com/vi/crWLKhH1SJI/hqdefault.jpg?sqp=-oaymwEbCKgBEF5IVfKriqkDDggBFQAAiEIYAXABwAEG\u0026rs=AOn4CLDUaeg6ilNgMYltDLXOU8KksSfZ3w,212,,,2023-04-19,Music,時間泥棒,1.17K,"SynthesizerV, 花隈千冬, オリジナル曲, VOCALOID, 時間泥棒"
178,X1hPKGBaeoQ,風になって / mof. 【 花隈千冬 】,https://i.ytimg.com/vi/X1hPKGBaeoQ/hqdefault.jpg?sqp=-oaymwE1CKgBEF5IVfKriqkDKAgBFQAAiEIYAXABwAEG8AEB-AH-CYAC0AWKAgwIABABGEMgSCh_MA8=\u0026rs=AOn4CLAvpB1kXzpuWTqhrqRpvBtw_6foxQ,680,,,2023-04-20,Music,mof.,2.56K,"花隈千冬, Synthesizer V"
179,kIAk68iNMrY,【花隈千冬】Holding Hands In the Sunset【オリジナル】,https://i.ytimg.com/vi/kIAk68iNMrY/hqdefault.jpg?sqp=-oaymwE1CKgBEF5IVfKriqkDKAgBFQAAiEIYAXABwAEG8AEB-AH-CYAC0AWKAgwIABABGFMgWyhlMA8=\u0026rs=AOn4CLArs_hXVqLvO_7aX8-KkTCoeGL-uw,223,,,2023-04-21,Music,legata,699,"ボカロ, 花隈千冬, synthesizerV, 花隈千冬オリジナル曲, Chifuyu, Hanakuma, ボカロバラード"
180,v3unqnO6Njg,Da Da Dawn / Twinfield feat. 花隈千冬,https://i.ytimg.com/vi/v3unqnO6Njg/hqdefault.jpg?sqp=-oaymwEbCKgBEF5IVfKriqkDDggBFQAAiEIYAXABwAEG\u0026rs=AOn4CLAw-Cjm9vHknev23b8_DKG9vZxDCg,32101,,,2023-04-21,Music,Twinfield Official,24.8K,"video, sharing, camera phone, video phone, free, upload"
181,7cEiuEXhO-A,なないろパレット(Piano Strings Arrange)/ナナイログラム  feat.花隈千冬,https://i.ytimg.com/vi/7cEiuEXhO-A/hqdefault.jpg?sqp=-oaymwEbCKgBEF5IVfKriqkDDggBFQAAiEIYAXABwAEG\u0026rs=AOn4CLBdeLdcCtMnaRXsBmaFp9edl2-obA,193,,,2023-04-21,Music,ナナイログラム,50,"ナナイログラム, #VOCALOID​, ボーカロイド, ボカロ, UCYPx-wRO_v0HvYha4NMrsyw, なないろパレット, 花隈千冬, ボカロ 新曲, 歌詞動画, ボカロmv, #vocaloid​, Ciδer, catacleco, 雨宮ミト, ナエギノP"
182,iesw8StjbrM,なないろパレット(Piano Strings Arrange)/ナナイログラム  feat.花隈千冬 #shorts,https://i.ytimg.com/vi/iesw8StjbrM/hq2.jpg?sqp=-oaymwE1CKgBEF5IVfKriqkDKAgBFQAAiEIYAHABwAEG8AEB-AG2CIACgA-KAgwIABABGEMgYihlMA8=\u0026rs=AOn4CLCXHXQQR4elPu4sSWunR5ZvY8-RXw,133,,,2023-04-21,Music,ナナイログラム,50,"ナナイログラム, #VOCALOID​, ボーカロイド, ボカロ, UCYPx-wRO_v0HvYha4NMrsyw, なないろパレット, 花隈千冬, ボカロ 新曲, 歌詞動画, ボカロmv, #vocaloid​, Ciδer, catacleco, 雨宮ミト, ナエギノP"
183,35WKt1WyxOg,Imitation Punishment / feat. 花隈千冬,https://i.ytimg.com/vi/35WKt1WyxOg/hqdefault.jpg?sqp=-oaymwE1CKgBEF5IVfKriqkDKAgBFQAAiEIYAXABwAEG8AEB-AH-CYAC0AWKAgwIABABGGEgZShTMA8=\u0026rs=AOn4CLChcfWEFNYq82eFpXYw5VIGd2zo8A,137,,,2023-04-21,Gaming,CUE,362,"video, sharing, camera phone, video phone, free, upload"
184,qwY7bjE7HiY,いのくち(inokuchi) - aruita feat. 花隈千冬,https://i.ytimg.com/vi/qwY7bjE7HiY/hqdefault.jpg?sqp=-oaymwEbCKgBEF5IVfKriqkDDggBFQAAiEIYAXABwAEG\u0026rs=AOn4CLCGFApd-xOun3yoXDT1y2Pgpprrrg,210,,,2023-04-22,Music,いのくち (inokuchi),832,"video, sharing, camera phone, video phone, free, upload"
185,69GAgPpkGnY,【花隈千冬＆初音ミク】白藤【オリジナル】,https://i.ytimg.com/vi/69GAgPpkGnY/hqdefault.jpg?sqp=-oaymwE1CKgBEF5IVfKriqkDKAgBFQAAiEIYAXABwAEG8AEB-AH-CYAC0AWKAgwIABABGGUgZShlMA8=\u0026rs=AOn4CLD-i0NKniMw6YT-GlD_0YCIUcGqbw,137,,,2023-04-22,Music,legata,699,"VOCALOID, SynthesizerV, 初音ミク, 花隈千冬, 和風曲, HatsuneMiku, HanakumaChifuyu"
186,FgJOyz2qajY,春去音 / Watashi feat.花隈千冬＆小春六花,https://i.ytimg.com/vi/FgJOyz2qajY/hqdefault.jpg?sqp=-oaymwE1CKgBEF5IVfKriqkDKAgBFQAAiEIYAXABwAEG8AEB-AH-CYAC0AWKAgwIABABGDUgVChyMA8=\u0026rs=AOn4CLAW6CLZJMC_32XJ60Xc_VGIR8dupw,1156,,,2023-04-22,Music,Wa tashi,391,"video, sharing, camera phone, video phone, free, upload"
187,E7tcrXxpBk4,RE:write feat.花隈千冬,https://i.ytimg.com/vi/E7tcrXxpBk4/hqdefault.jpg?sqp=-oaymwEbCKgBEF5IVfKriqkDDggBFQAAiEIYAXABwAEG\u0026rs=AOn4CLDF8aLM099eNcyEBg3zv8g41RxlBQ,118,,,2023-04-22,Music,SOLITUDE,1.56K,"video, sharing, camera phone, video phone, free, upload"
188,XrPp7BWJTKg,朝の渦 / 花隈千冬【Synthesizer V】,https://i.ytimg.com/vi/XrPp7BWJTKg/hqdefault.jpg?sqp=-oaymwEbCKgBEF5IVfKriqkDDggBFQAAiEIYAXABwAEG\u0026rs=AOn4CLCgOM4P2LkwKBY2JUQUdSh05d8p8A,205,,,2023-04-22,Music,フライングリャマ温泉芸術,96,"video, sharing, camera phone, video phone, free, upload"
189,7tUIFpWv56A,Sceno Ichiro - VIOLET feat. 花隈千冬,https://i.ytimg.com/vi/7tUIFpWv56A/hqdefault.jpg?sqp=-oaymwEbCKgBEF5IVfKriqkDDggBFQAAiEIYAXABwAEG\u0026rs=AOn4CLAaTtZApJ6ERbrFWKrZ5fq8C88kkw,1833,,,2023-04-25,Music,Sceno Ichiro,852,"video, sharing, camera phone, video phone, free, upload"
190,lSwohUekCOE,【花隈千冬】パワハラ訴訟【SynthV オリジナル曲】,https://i.ytimg.com/vi/lSwohUekCOE/hqdefault.jpg?sqp=-oaymwEbCKgBEF5IVfKriqkDDggBFQAAiEIYAXABwAEG\u0026rs=AOn4CLDUDM6qbZ_XzlW13DI_TLpYofWJPQ,125,,,2023-04-25,People \u0026 Blogs,TJはゼロで割られたい,18,"video, sharing, camera phone, video phone, free, upload"
191,TRG2PCADvjg,アルテミス / 時間泥棒 feat. 花隈千冬,https://i.ytimg.com/vi/TRG2PCADvjg/hqdefault.jpg?sqp=-oaymwEbCKgBEF5IVfKriqkDDggBFQAAiEIYAXABwAEG\u0026rs=AOn4CLDeaebpWZn-tZMkLNDN-Q3fTRp-_g,192,,,2023-04-26,Music,時間泥棒,1.17K,"ボカロピアノ, オリジナル曲, SynthesizerV, 花隈千冬, 時間泥棒, アルテミス"
192,nhBItkIesAI,花隈千冬 /幸せなんだ。(synthe vオリジナル曲) Happiness feat.Chifuyu Hanakuma (Synthesizer v),https://i.ytimg.com/vi/nhBItkIesAI/hqdefault.jpg?sqp=-oaymwEbCKgBEF5IVfKriqkDDggBFQAAiEIYAXABwAEG\u0026rs=AOn4CLDBfM-mBsLKkZwhxzZ5saYlSHS4bw,344,,,2023-04-26,Music,ゆまま,1.08K,"初音ミク, ボカロ, aimusic, 小春六花, 夏色花梨, yoasobi, アイドル, 堀江晶太, ギミレボ, ゆゆうた, キスのひとつで, イキスギ, オオイシマサヨシ, ハルヒ, vtuber, オリジナル曲"
193,L7pVpwie93k,【重音テトAI】Δυστροφία=Καταστροφή【花隈千冬】,https://i.ytimg.com/vi/L7pVpwie93k/hqdefault.jpg?sqp=-oaymwEbCKgBEF5IVfKriqkDDggBFQAAiEIYAXABwAEG\u0026rs=AOn4CLAoTn-LCoLCF1OBVOYvZLkv9gtdSQ,304,,,2023-04-27,Music,由乃てゃんはボカロP,3.07K,"重音テトオリジナル曲, UTAU, Δυστροφία, Καταστροφή, ヂストロフィア=カタストロフェ, dilemma, synthesizerv, synthesizervオリジナル曲, vocaloidオリジナル曲, 由乃, Yoshino, 由乃てゃん, てゃん, えりふら, 結姫立夏, デストルドー, ボカロP, ボカロ, VOCALOID, ボカコレ, 初音ミク, 重音テト, 花隈千冬, MikuHatsune, TetoKasane, ChifuyuHanakumaOriginal Song"
194,T4_izhG5bAU,「親不知」feat.花隈千冬【MV】,https://i.ytimg.com/vi/T4_izhG5bAU/hqdefault.jpg?sqp=-oaymwEbCKgBEF5IVfKriqkDDggBFQAAiEIYAXABwAEG\u0026rs=AOn4CLCx3Ch31d3OKbp78pqjLk3zdzGYBQ,4083,,,2023-04-28,Music,metamol,1.98K,"Suchmos, King Gnu, ずっと真夜中でいいのに, 須田景凪, sekai no owari, Vaundy, PERIMETRON, Tempalay, Mr. Green Apple, RADWIMPS, BUMP OF CHIKEN, 米津玄師, ナナヲアカリ, ずとまよ, シンガーソングライター, ヒトリエ, バンド, インディーズ, Neru, まふまふ, sajou no hana, 神様, 僕は気づいてしまった, 神僕, 神山羊, ヨルシカ, 有機酸, yama, Ado, くじら, バルーン, シャルル, キングヌー, ユアネス, ポルカドットスティングレイ, カネコアツシ, エジマハルシ, ドミコ, domico, はるまきごはん, Eve, Sou, 呪術廻戦, 夏油, 人間みたいね, Rainy, 鏡音リン, 初音ミク, 花譜, 小林私, 美波, THE BINARY, 煮ル果実, DUSTCELL, ALI, チェーンソーマン, 笹川真緒, 南雲ゆうき, n-buna, Awsome City Club, 藤井風, キタニタツヤ, vocaloid, ボカロ, 可不, かふ, kafu, 花隈千冬, 千冬, Chihuyu, SynthesizerV"
195,RJQpJQbzwos,妖艶ましろ（オリジナル楽曲）feat 花隈千冬,https://i.ytimg.com/vi/RJQpJQbzwos/hqdefault.jpg?sqp=-oaymwEbCKgBEF5IVfKriqkDDggBFQAAiEIYAXABwAEG\u0026rs=AOn4CLA069UR3C361BKAASRK5HDHt1Z7Gg,201,,,2023-04-28,Film \u0026 Animation,a-sya (アーシャ),334,Wondershare Filmora
196,B_mki71g0X0,無題 (Re arranged) - お餅 feat.花隈千冬,https://i.ytimg.com/vi/B_mki71g0X0/hqdefault.jpg?sqp=-oaymwEbCKgBEF5IVfKriqkDDggBFQAAiEIYAXABwAEG\u0026rs=AOn4CLBtSeX08I7TV9XGdui-D41UY22AjA,281,,,2023-04-30,Music,,583,"可不, kafu, 花譜, kaf, 花隈千冬, はなくまちふゆ, chifuyu, ボーカロイド, VOCALOID, ボカロ, お餅, おもち, オモチ, ricecake, 無題, むだい, notitle"
197,Z2IwLWfQgRc,"溶けた夏 / cana feat.花隈千冬, 初音ミク",https://i.ytimg.com/vi/Z2IwLWfQgRc/hqdefault.jpg?sqp=-oaymwE1CKgBEF5IVfKriqkDKAgBFQAAiEIYAXABwAEG8AEB-AH-CYAC0AWKAgwIABABGGUgZShlMA8=\u0026rs=AOn4CLBcxn9YS77td5T0eG7L1bF_h_X4yw,175,,,2023-05-02,People \u0026 Blogs,cana,50,"video, sharing, camera phone, video phone, free, upload"
198,LAPPzruyGwM,【花隈千冬】「Ciel（Short Ver.）」作詞・作曲・編曲／仙道アリマサ　Synthesizer V ボカロ ボーカロイド VOCALOID,https://i.ytimg.com/vi/LAPPzruyGwM/hqdefault.jpg?sqp=-oaymwEbCKgBEF5IVfKriqkDDggBFQAAiEIYAXABwAEG\u0026rs=AOn4CLA1wRLeM9U365Nw0N-IALM61wxnKQ,300,,,2023-05-04,Music,仙道アリマサ,669,"video, sharing, camera phone, video phone, free, upload"
199,k5FTg13w-5Q,席替えこわい/花隈千冬【オリジナル曲】,https://i.ytimg.com/vi/k5FTg13w-5Q/hqdefault.jpg?sqp=-oaymwEbCKgBEF5IVfKriqkDDggBFQAAiEIYAXABwAEG\u0026rs=AOn4CLC5XHX3wLw09Ab_uwpa8Op9w3AIpg,3331,,,2023-05-05,People \u0026 Blogs,,4.64K,"video, sharing, camera phone, video phone, free, upload"
200,NjQWkf2Xzoc,いのくち(inokuchi) - 幻の旅計画 feat. 花隈千冬,https://i.ytimg.com/vi/NjQWkf2Xzoc/hqdefault.jpg?sqp=-oaymwEbCKgBEF5IVfKriqkDDggBFQAAiEIYAXABwAEG\u0026rs=AOn4CLBx_M81FheB7RZXlKdgxswWhbVQ-w,190,,,2023-05-06,Music,いのくち (inokuchi),832,"video, sharing, camera phone, video phone, free, upload"
201,pndqqsj-wYw,Liar naiL / 風原 feat. 花隈千冬,https://i.ytimg.com/vi/pndqqsj-wYw/hqdefault.jpg?sqp=-oaymwEbCKgBEF5IVfKriqkDDggBFQAAiEIYAXABwAEG\u0026rs=AOn4CLCHUp4_20wREDvZAL-H6JTzS-T6fg,2797,,,2023-05-06,Entertainment,風原の音置き場,2K,"video, sharing, camera phone, video phone, free, upload"
202,2ERK0JZti98,なのか / 小春六花×夏色花梨×花隈千冬【SynthesizerV】,https://i.ytimg.com/vi/2ERK0JZti98/hqdefault.jpg?sqp=-oaymwEbCKgBEF5IVfKriqkDDggBFQAAiEIYAXABwAEG\u0026rs=AOn4CLAm1sjpUEU1C7rAYyqdHlNeGWQ6cw,201,,,2023-05-06,Music,止 由TodomeYui,59,"video, sharing, camera phone, video phone, free, upload"
203,kmoMAftV760,『Hope』Wide Blue feat.花隈千冬（synthesizerV）,https://i.ytimg.com/vi/kmoMAftV760/hqdefault.jpg?sqp=-oaymwEbCKgBEF5IVfKriqkDDggBFQAAiEIYAXABwAEG\u0026rs=AOn4CLAOwXpbnY4aboF_iIuKFdLQBvvT8A,288,,,2023-05-06,People \u0026 Blogs,Wide Blue,47,"ボカロ, オリジナル曲, synthesizer, 花隈千冬"
204,oONN36Baby0,低空飛行 / 花隈千冬,https://i.ytimg.com/vi/oONN36Baby0/hqdefault.jpg?sqp=-oaymwE1CKgBEF5IVfKriqkDKAgBFQAAiEIYAXABwAEG8AEB-AH-CYAC0AWKAgwIABABGDMgZSgRMA8=\u0026rs=AOn4CLBiyPBPeKWkxvB1RpRVG7qV1dxgBQ,207,,,2023-05-06,Music,遺作シユウ,98,"DAW, DTM, music, studioone, synthesizerv, vocaloid, オリジナル曲, ボカロ, ボーカロイド, 作曲, 作詞, 春, 花隈千冬, 音楽"
205,foDijWqP19c,Star’t Line feat.花隈千冬,https://i.ytimg.com/vi/foDijWqP19c/hqdefault.jpg?sqp=-oaymwEbCKgBEF5IVfKriqkDDggBFQAAiEIYAXABwAEG\u0026rs=AOn4CLD9uCHI_zzEC-PDOYLkCa1kfNrPZg,746,,,2023-05-08,Music,SOLITUDE,1.56K,"video, sharing, camera phone, video phone, free, upload"
206,9pdrQS8S838,綾垣航 / run away feat. 花隈千冬（Short Ver.）,https://i.ytimg.com/vi/9pdrQS8S838/hqdefault.jpg?sqp=-oaymwEbCKgBEF5IVfKriqkDDggBFQAAiEIYAXABwAEG\u0026rs=AOn4CLDbupuzoySO8cP1xbyk3y1oBV6bsA,526,,,2023-05-09,Music,綾垣航,52,"DTM, オリジナル曲, VOCALOID, SynthesizerV, 花隈千冬, ボカロ, DTM, オリジナル曲, VOCALOID, SynthesizerV, 花隈千冬, ボカロ"
207,G4XkFubFy4E,シャングリラ / 花隈千冬,https://i.ytimg.com/vi/G4XkFubFy4E/hqdefault.jpg?sqp=-oaymwE1CKgBEF5IVfKriqkDKAgBFQAAiEIYAXABwAEG8AEB-AH-CYAC0AWKAgwIABABGH8gEyg_MA8=\u0026rs=AOn4CLBIuLmMzWNNHzfQNEAWzNwxfjnBrQ,405,,,2023-05-10,People \u0026 Blogs,あねむ,50,"video, sharing, camera phone, video phone, free, upload"
208,9BdHnPFPhjg,白雪中毒 / 花隈千冬,https://i.ytimg.com/vi/9BdHnPFPhjg/hqdefault.jpg?sqp=-oaymwEbCKgBEF5IVfKriqkDDggBFQAAiEIYAXABwAEG\u0026rs=AOn4CLBN21bLq_3NCh8FWej7gsi3c-ZiiQ,10415,,,2023-05-10,Music,三上加味 Kami Mikami,2.52K,"video, sharing, camera phone, video phone, free, upload"
209,mwioQ013HoE,【慟哭グランギニョル / feat : 花隈千冬】/ jun fukuda,https://i.ytimg.com/vi/mwioQ013HoE/hqdefault.jpg?sqp=-oaymwE1CKgBEF5IVfKriqkDKAgBFQAAiEIYAXABwAEG8AEB-AH-CYAC0AWKAgwIABABGF8gXyhfMA8=\u0026rs=AOn4CLCnPVw7eF9fD3rLq23Ci_bJ8S69-g,5154,,,2023-05-11,Music,福田 潤 ※himself,826,"jun fukuda, 変拍子, ボカロ, synthsizer V, 歌声ソフト"
210,3zzglf3s-f4,『ひかりもとめて』MAMIZU feat.花隈千冬 #shorts,https://i.ytimg.com/vi/3zzglf3s-f4/hq2.jpg?sqp=-oaymwE1CKgBEF5IVfKriqkDKAgBFQAAiEIYAHABwAEG8AEB-AG2CIACgA-KAgwIABABGH8gPCgnMA8=\u0026rs=AOn4CLDeRONgoiIKCKnPkHGugbNTRsLSqQ,320,,,2023-05-12,Music,MAMIZU,671,"花隈千冬, synthesizerv, オリジナル曲"
211,kTw20uHx4k4,【花隈千冬＆初音ミク】Space Tripper【オリジナル】,https://i.ytimg.com/vi/kTw20uHx4k4/hqdefault.jpg?sqp=-oaymwE1CKgBEF5IVfKriqkDKAgBFQAAiEIYAXABwAEG8AEB-AH-CYAC0AWKAgwIABABGDsgUihyMA8=\u0026rs=AOn4CLDlTDTj9fqK2L-CBE7Vevb66pOnwQ,148,,,2023-05-12,Music,legata,699,"VOCALOID, SynthesizerV, 初音ミク, 花隈千冬, Miku, Hatsune, Chifuyu, Hanakuma, VOCALOIDオリジナル曲, ミクオリジナル曲, 花隈千冬オリジナル曲, ボカロ, 星のうた"
212,RJoWzgO9Ykk,【MV】春の夢 feat.花隈千冬,https://i.ytimg.com/vi/RJoWzgO9Ykk/hqdefault.jpg?sqp=-oaymwE1CKgBEF5IVfKriqkDKAgBFQAAiEIYAXABwAEG8AEB-AH-CYAC0AWKAgwIABABGE4gWihlMA8=\u0026rs=AOn4CLAWh9vFYSNOkMneIU3sah1hz8SkhQ,10757,,,2023-05-14,Music,白晝堂々,1.86K,"video, sharing, camera phone, video phone, free, upload"
213,MaMcOPzomdQ,【花隈千冬】Afternoon Melty Time/41.203Hz【Synthesizer V AI】,https://i.ytimg.com/vi/MaMcOPzomdQ/hqdefault.jpg?sqp=-oaymwE1CKgBEF5IVfKriqkDKAgBFQAAiEIYAXABwAEG8AEB-AH-CYAC0AWKAgwIABABGH8gOChjMA8=\u0026rs=AOn4CLDTfaqiv3iQvWaIfsP1P2X4w1LUxg,10,,,2023-05-16,People \u0026 Blogs,41.203Hz,3,"video, sharing, camera phone, video phone, free, upload"
214,RdQqFPnxf_M,【花隈千冬】はだしのシンデレラ/41.203Hz【Synthesizer V AI】,https://i.ytimg.com/vi/RdQqFPnxf_M/hqdefault.jpg?sqp=-oaymwE1CKgBEF5IVfKriqkDKAgBFQAAiEIYAXABwAEG8AEB-AH-CYAC0AWKAgwIABABGGUgZShlMA8=\u0026rs=AOn4CLBICSNFGAVD1ko5uCJuK7g3C3YhCA,13,,,2023-05-16,People \u0026 Blogs,41.203Hz,3,"video, sharing, camera phone, video phone, free, upload"
215,Y4IhpnJeYIU,何待ち？ / 時間泥棒 feat. 花隈千冬,https://i.ytimg.com/vi/Y4IhpnJeYIU/hqdefault.jpg?sqp=-oaymwEbCKgBEF5IVfKriqkDDggBFQAAiEIYAXABwAEG\u0026rs=AOn4CLB1aYO1oU9ouSETw23QvssY9Dr5Hg,458,,,2023-05-17,Music,時間泥棒,1.17K,"SynthesizerV, 花隈千冬, オリジナル曲, VOCALOID, 時間泥棒"
216,W6jCE_1Ag54,アリス/花隈千冬【オリジナル曲】,https://i.ytimg.com/vi/W6jCE_1Ag54/hqdefault.jpg?sqp=-oaymwEbCKgBEF5IVfKriqkDDggBFQAAiEIYAXABwAEG\u0026rs=AOn4CLDsjXf4WoQHh3kHO7WfYRCiXNGgeQ,737,,,2023-05-18,People \u0026 Blogs,空想 / 空次郎,171,"オリジナル曲, 花隈千冬, 音楽, Synthesizer V, シンセサイザーV"
217,0GnNkprOJxA,【オリジナル】星のダンス【小春六花・夏色花梨・花隈千冬】,https://i.ytimg.com/vi/0GnNkprOJxA/hqdefault.jpg?sqp=-oaymwEbCKgBEF5IVfKriqkDDggBFQAAiEIYAXABwAEG\u0026rs=AOn4CLCng5wzROdnDo5CeQaraJQxMw4tdg,51,,,2023-05-18,Music,異空間Z | P,1.77K,"video, sharing, camera phone, video phone, free, upload"
218,CjOHkYs0Sgg,いのくち(inokuchi) -  わたしでした feat. 小春六花 花隈千冬,https://i.ytimg.com/vi/CjOHkYs0Sgg/hqdefault.jpg?sqp=-oaymwEbCKgBEF5IVfKriqkDDggBFQAAiEIYAXABwAEG\u0026rs=AOn4CLCkS3vlSb6tY_g4toDQk7_AiyGLbg,224,,,2023-05-20,Music,いのくち (inokuchi),832,"video, sharing, camera phone, video phone, free, upload"
219,rWzN62SQbMs,ユータナジーの舟 feat. 花隈千冬 小春六花,https://i.ytimg.com/vi/rWzN62SQbMs/hqdefault.jpg?sqp=-oaymwE1CKgBEF5IVfKriqkDKAgBFQAAiEIYAXABwAEG8AEB-AH-CYAC0AWKAgwIABABGGUgZShlMA8=\u0026rs=AOn4CLBXSKbmowaUuPXgheTmWAvYmEGuRw,596,,,2023-05-20,People \u0026 Blogs,渡邊里佳子,24,"video, sharing, camera phone, video phone, free, upload"
220,w_6pcsTkYLE,あなたの名前を叫べばよかった / DJ Dohetaro feat. 花隈千冬,https://i.ytimg.com/vi/w_6pcsTkYLE/hqdefault.jpg?sqp=-oaymwEbCKgBEF5IVfKriqkDDggBFQAAiEIYAXABwAEG\u0026rs=AOn4CLAre5B2vnYUe_-1aX8EOm8YfpwYOw,1419,,,2023-05-20,Music,,1.23K,"EDM, ボーカロイド, ボカロ曲, Vocaloid"
221,tywaaZK-9P4,【初音ミク＆花隈千冬】Speechless【オリジナル】,https://i.ytimg.com/vi/tywaaZK-9P4/hqdefault.jpg?sqp=-oaymwE1CKgBEF5IVfKriqkDKAgBFQAAiEIYAXABwAEG8AEB-AH-CYAC0AWKAgwIABABGGUgUihYMA8=\u0026rs=AOn4CLCcbdV1ZA6Vv5v8Tr8j5H9ogHa8Pw,242,,,2023-05-20,Music,legata,699,"VOCALOID, SynthesizerV, 初音ミク, 花隈千冬, VOCALOIDオリジナル曲, ミクオリジナル曲, SynthesizerVオリジナル曲, 花隈千冬オリジナル曲, ボカロ, ボカロバラード"
222,l252QXCjBM8,カテドラル　花隈千冬,https://i.ytimg.com/vi/l252QXCjBM8/hqdefault.jpg?sqp=-oaymwE1CKgBEF5IVfKriqkDKAgBFQAAiEIYAXABwAEG8AEB-AH-CYAC0AWKAgwIABABGH8gEygtMA8=\u0026rs=AOn4CLAmWuoBh--o-aUjsMGgWCIdsgZWvg,760,,,2023-05-20,Music,村国イアリ,715,"video, sharing, camera phone, video phone, free, upload"
223,1XrRGegomXE,【ｱｲｽｸﾘｰﾑ you scream / feat : 花隈千冬】/ jun fukuda,https://i.ytimg.com/vi/1XrRGegomXE/hqdefault.jpg?sqp=-oaymwEbCKgBEF5IVfKriqkDDggBFQAAiEIYAXABwAEG\u0026rs=AOn4CLDVIbsm1-R3USCbi6NzSW_LB9KFFg,7380,,,2023-05-25,Music,福田 潤 ※himself,826,"jun fukuda, 変拍子, ボカロ, synthsizer V, 歌声ソフト, vocaloid"
224,Rue16TU-CbM,キミノタメノウタ　feat.花隈千冬,https://i.ytimg.com/vi/Rue16TU-CbM/hqdefault.jpg?sqp=-oaymwEbCKgBEF5IVfKriqkDDggBFQAAiEIYAXABwAEG\u0026rs=AOn4CLDYqE2jRdhiphUNtQyoH1C4jkEBCg,389,,,2023-05-27,Music,SOLITUDE,1.56K,"video, sharing, camera phone, video phone, free, upload"
225,uBSCerk_eO0,【花隈千冬AI】飲みたくないわ,https://i.ytimg.com/vi/uBSCerk_eO0/hqdefault.jpg?sqp=-oaymwEbCKgBEF5IVfKriqkDDggBFQAAiEIYAXABwAEG\u0026rs=AOn4CLCuTFaN6yj7C1pQGH9IYKgMvqn1kg,47,,,2023-05-28,Music,MAKOTO T.,295,"給食, 牛乳, 骨粗鬆症"
226,fo8WWsr4NMs,「価値の器」feat.花隈千冬【MV】,https://i.ytimg.com/vi/fo8WWsr4NMs/hqdefault.jpg?sqp=-oaymwEbCKgBEF5IVfKriqkDDggBFQAAiEIYAXABwAEG\u0026rs=AOn4CLASR0ZAP6OrXqG3NAMQ9Nzrj6IxxQ,7806,,,2023-05-30,Music,metamol,1.98K,"Suchmos, King Gnu, ずっと真夜中でいいのに, 須田景凪, sekai no owari, Vaundy, PERIMETRON, Tempalay, Mr. Green Apple, RADWIMPS, BUMP OF CHIKEN, 米津玄師, ナナヲアカリ, ずとまよ, シンガーソングライター, ヒトリエ, バンド, インディーズ, Neru, まふまふ, sajou no hana, 神様, 僕は気づいてしまった, 神僕, 神山羊, ヨルシカ, 有機酸, yama, Ado, くじら, バルーン, シャルル, キングヌー, ユアネス, ポルカドットスティングレイ, カネコアツシ, エジマハルシ, ドミコ, domico, はるまきごはん, Eve, Sou, 呪術廻戦, 夏油, 人間みたいね, Rainy, 鏡音リン, 初音ミク, 花譜, 小林私, 美波, THE BINARY, 煮ル果実, DUSTCELL, ALI, チェーンソーマン, 笹川真緒, 南雲ゆうき, n-buna, Awsome City Club, 藤井風, キタニタツヤ, vocaloid, ボカロ, 可不, かふ, kafu, 花隈千冬, 千冬, Chihuyu, SynthesizerV"
227,seAepvcxLsM,"Unicorn / 花隈千冬, 小春六花",https://i.ytimg.com/vi/seAepvcxLsM/hqdefault.jpg?sqp=-oaymwEbCKgBEF5IVfKriqkDDggBFQAAiEIYAXABwAEG\u0026rs=AOn4CLB0DH8dPD_WXKlRdbpUXXL6RPzwXQ,161,,,2023-05-30,Music,kaami,32.3K,"video, sharing, camera phone, video phone, free, upload"
228,ajcDmD6F_4Q,Strawberry Pot.  / Otobono feat. 花隈千冬 【Music Video】,https://i.ytimg.com/vi/ajcDmD6F_4Q/hqdefault.jpg?sqp=-oaymwEbCKgBEF5IVfKriqkDDggBFQAAiEIYAXABwAEG\u0026rs=AOn4CLBNjh29DPeeNeVX3MWahuCe--3RTA,937,,,2023-06-01,Music,Otobono,276,"video, sharing, camera phone, video phone, free, upload"
229,j6-h1vK2yN4,ぜんぶ忘れない/花隈千冬（オリジナル曲）,https://i.ytimg.com/vi/j6-h1vK2yN4/hqdefault.jpg?sqp=-oaymwEbCKgBEF5IVfKriqkDDggBFQAAiEIYAXABwAEG\u0026rs=AOn4CLAnLJu_-kFc7LHBWgMlIBLCBb_Xgg,209,,,2023-06-01,Music,すうぃーと♡みゅうみゅうch,1.55K,"video, sharing, camera phone, video phone, free, upload"
230,omLoK4qRAFg,【花隈千冬ちゃん】マーブルナイト【Synthesizer V オリジナル曲】,https://i.ytimg.com/vi/omLoK4qRAFg/hqdefault.jpg?sqp=-oaymwE1CKgBEF5IVfKriqkDKAgBFQAAiEIYAXABwAEG8AEB-AH-CYAC0AWKAgwIABABGFQgXChlMA8=\u0026rs=AOn4CLDjlgAc23NicNOeTykBN2r4fnG1Wg,283,,,2023-06-02,Music,no_20,19,"SynthesizerV, 花隈千冬, オリジナル曲"
231,sHMtzoQU2-k,深く / mof. 【 花隈千冬 】,https://i.ytimg.com/vi/sHMtzoQU2-k/hqdefault.jpg?sqp=-oaymwE1CKgBEF5IVfKriqkDKAgBFQAAiEIYAXABwAEG8AEB-AH-CYAC0AWKAgwIABABGDsgSyhyMA8=\u0026rs=AOn4CLD9XSicFABOsrdbwJ9tHU5S5YktqA,523,,,2023-06-02,Music,mof.,2.56K,"作業用BGM, 花隈千冬, 作業用BGM, 花隈千冬"
232,06yJlhybVFs,【MV的な】12月25日 / 竹モチfeat.花隈千冬,https://i.ytimg.com/vi/06yJlhybVFs/hqdefault.jpg?sqp=-oaymwEbCKgBEF5IVfKriqkDDggBFQAAiEIYAXABwAEG\u0026rs=AOn4CLAIbmR1pCMTt5nLj7XEC8gJJKWDkQ,101,,,2023-06-04,Music,竹モチ,47,"竹モチ, オリジナル曲, DTM, 花隈千冬, Synthesizer V"
233,mzSPd4bl8Ww,NeE/花隈千冬,https://i.ytimg.com/vi/mzSPd4bl8Ww/hqdefault.jpg?sqp=-oaymwEbCKgBEF5IVfKriqkDDggBFQAAiEIYAXABwAEG\u0026rs=AOn4CLCG9eyky_v_dBeWg4DrqoM786lb9Q,370,,,2023-06-05,Music,hana 20,399,"VOCALOID, ボーカロイド, ボカロ, ミク, シャフト, シャフ度, アニメ, 声優, Voice, ダイアローグ, モノローグ, 台本, アドリブ, オーケストラ, バイオリン, チェロ, ビオラ, orchestra, 花隈千冬, Synthesizer V AI, Hanakuma Chihuyu, Hanakuma Tihuyu, ニラレバ, 中華, 王将"
234,GWME2zKSOFs,その日ペンギンは離陸する feat. 花隈千冬 / notch_tang【Synthesizer V オリジナル曲】,https://i.ytimg.com/vi/GWME2zKSOFs/hqdefault.jpg?sqp=-oaymwEbCKgBEF5IVfKriqkDDggBFQAAiEIYAXABwAEG\u0026rs=AOn4CLAjuoOlLT1EVi_4ZwNzSaRkIwdnZw,3009,,,2023-06-06,Music,ノチタ@notch_tang,319,"花隈千冬, SynthesizerV, オリジナル曲, ボカロ, VOCALOID, notch_tang"
235,baZx5DIYHek,フロックス / 花隈千冬,https://i.ytimg.com/vi/baZx5DIYHek/hqdefault.jpg?sqp=-oaymwEbCKgBEF5IVfKriqkDDggBFQAAiEIYAXABwAEG\u0026rs=AOn4CLAX2yOPcrNbjjgYp5vJ4xLAlFluBw,1496,,,2023-06-06,Music,take4its,443,"花隈千冬, SynthesizerV, SynthV, フロックス, TOKYO6, 花隈千冬 オリジナル"
236,RfRyz0osogs,リミテッドパーフェクション (feat.花隈千冬),https://i.ytimg.com/vi/RfRyz0osogs/hqdefault.jpg?sqp=-oaymwE1CKgBEF5IVfKriqkDKAgBFQAAiEIYAXABwAEG8AEB-AH-CYAC0AWKAgwIABABGGUgSyhjMA8=\u0026rs=AOn4CLD6hE7dLHcMuHeg8adAIr6O_JVwOw,548,,,2023-06-06,People \u0026 Blogs,dramatic cider,148,"video, sharing, camera phone, video phone, free, upload"
237,osZTbyNFXZU,NEON feat.花隈千冬【オリジナル楽曲】,https://i.ytimg.com/vi/osZTbyNFXZU/hqdefault.jpg?sqp=-oaymwEbCKgBEF5IVfKriqkDDggBFQAAiEIYAXABwAEG\u0026rs=AOn4CLCEHNK3A8bpkYZp993btxS8oi3atw,256,,,2023-06-06,Music,スコーン,8,"synthsezierV, 花隈千冬, ボカロ, オリジナル楽曲"
238,VK4ixmNhI3I,Key / Teq˙-˙ feat.花隈千冬,https://i.ytimg.com/vi/VK4ixmNhI3I/hqdefault.jpg?sqp=-oaymwEbCKgBEF5IVfKriqkDDggBFQAAiEIYAXABwAEG\u0026rs=AOn4CLD00zqQtcOE9XuJkU31aue-7Fc1zg,260,,,2023-06-07,Music,Teq ˙-˙,20,"花隈千冬, ボカロ, オリジナル曲, 花隈千冬オリジナル曲, ボーカロイド, VOCALOID, ピアノ, Key, Teq"
239,Ch8A_N4R0wI,迂闊 / 時間泥棒 feat. 花隈千冬,https://i.ytimg.com/vi/Ch8A_N4R0wI/hqdefault.jpg?sqp=-oaymwEbCKgBEF5IVfKriqkDDggBFQAAiEIYAXABwAEG\u0026rs=AOn4CLAiZ-YB3ZS1RXcliECm8KODONG4SQ,101,,,2023-06-07,Music,時間泥棒,1.17K,"SynthesizerV, 花隈千冬, オリジナル曲, VOCALOID, 時間泥棒"
240,hHJpxBXGbN8,音花 / Otohana 【Chifuyu and Miii / 花隈千冬と私】,https://i.ytimg.com/vi/hHJpxBXGbN8/hqdefault.jpg?sqp=-oaymwEbCKgBEF5IVfKriqkDDggBFQAAiEIYAXABwAEG\u0026rs=AOn4CLC1A9ZQmOkT54SvLgVn36rCT-_njA,127,,,2023-06-08,Music,Miii,31,"花隈千冬, Synthesizer V, Synthesizer V AI, 初音ミクと私, Miku and Miii, Miiii, 天星, Tensei, Hanakuma, Chifuyu, Chifuyu and Miiii, Otohana, 音花"
241,q8DOQsALjA8,ボウリング場で待っているから【初音ミク・小春六花・花隈千冬オリジナル曲】,https://i.ytimg.com/vi/q8DOQsALjA8/hqdefault.jpg?sqp=-oaymwEbCKgBEF5IVfKriqkDDggBFQAAiEIYAXABwAEG\u0026rs=AOn4CLDr54sE5BgUxySTwfhHCqeLkr7fcQ,87,,,2023-06-08,Music,たのしい生物のじかん(unui),244,"video, sharing, camera phone, video phone, free, upload"
242,A5RNInhk7kQ,scent (feat.花隈千冬),https://i.ytimg.com/vi/A5RNInhk7kQ/hqdefault.jpg?sqp=-oaymwEbCKgBEF5IVfKriqkDDggBFQAAiEIYAXABwAEG\u0026rs=AOn4CLDy-JBt8c6QQ7qD-7NSNKIxdH0jWg,1996,,,2023-06-08,Music,savogy,86,"video, sharing, camera phone, video phone, free, upload"
243,UONmYizgvcg,その場しのぎの夜に / 花隈千冬,https://i.ytimg.com/vi/UONmYizgvcg/hqdefault.jpg?sqp=-oaymwEbCKgBEF5IVfKriqkDDggBFQAAiEIYAXABwAEG\u0026rs=AOn4CLCyIwtN6xkJihUugOMz6qLzQuF6EA,1350,,,2023-06-09,Music,,26,"その場しのぎの夜に, 美忘録, 花隈千冬, ボカロ, すっと真夜中でいいのに, YOASOBI"
244,oJ5sABUijS0,【オリジナル曲】ステージ feat.花隈千冬,https://i.ytimg.com/vi/oJ5sABUijS0/hqdefault.jpg?sqp=-oaymwEbCKgBEF5IVfKriqkDDggBFQAAiEIYAXABwAEG\u0026rs=AOn4CLAPQ0oFo7Vo1YtbA-pJJrmr6FONCg,5654,,,2023-06-09,People \u0026 Blogs,ザピお,479,"#ボーカロイド, ＃花隈千冬, #ボカロック投稿祭, ボーカロイド, 花隈千冬, ボカロック, Synthesizer V, オリジナル曲, ボーカロイドオリジナル曲, ザピお"
245,0KABFiXfOFg,hydrangea（feat.花隈千冬）,https://i.ytimg.com/vi/0KABFiXfOFg/hqdefault.jpg?sqp=-oaymwEbCKgBEF5IVfKriqkDDggBFQAAiEIYAXABwAEG\u0026rs=AOn4CLABN6wpQ7lMf47dUniqh_N4W0-SLw,379,,,2023-06-09,Music,Release - Topic,,"mar feat.Hanakuma Chifuyu, mar feat.花隈千冬, hydrangea(feat.Hanakuma Chifuyu)"
246,QFz9mXzFbhM,【花隈千冬AI】空を見上げて,https://i.ytimg.com/vi/QFz9mXzFbhM/hqdefault.jpg?sqp=-oaymwEbCKgBEF5IVfKriqkDDggBFQAAiEIYAXABwAEG\u0026rs=AOn4CLB_IC_3sx4JkarYrJaRc_4v5KM8cg,78,,,2023-06-10,Music,MAKOTO T.,295,"開放的, 現実逃避, オリジナル曲"
247,zlfbBF9Xzro,ag feat. 花隈千冬 - Crowd,https://i.ytimg.com/vi/zlfbBF9Xzro/hqdefault.jpg?sqp=-oaymwE1CKgBEF5IVfKriqkDKAgBFQAAiEIYAXABwAEG8AEB-AH-CYAC0AWKAgwIABABGFIgXihlMA8=\u0026rs=AOn4CLDP5hoRCby9WuraDRjiK6i7EnIazA,667,,,2023-06-10,Music,ag,447,"video, sharing, camera phone, video phone, free, upload"
248,PKbVY8AAQQ8,【花隈千冬】焦燥と幸福 【オリジナル楽曲】 【Synthesizer V】,https://i.ytimg.com/vi/PKbVY8AAQQ8/hqdefault.jpg?sqp=-oaymwEbCKgBEF5IVfKriqkDDggBFQAAiEIYAXABwAEG\u0026rs=AOn4CLA_LP_oQ-Vx4bN22GnZWIojhaxMzA,154,,,2023-06-12,Music,ブルリコ ch.  Blue Recollection.,60,"Synthesizer V, シンセサイザーｖ, オリジナル, オリジナル楽曲, VOCALOID, ボーカロイド, ボカロ, しらたま, 花隈千冬, hanakumachihuyu, 焦燥と幸福, しらたま工房, 朝日"
249,1O_FrAI16xs,5月病は終わらない/花隈千冬【オリジナル曲】,https://i.ytimg.com/vi/1O_FrAI16xs/hqdefault.jpg?sqp=-oaymwEbCKgBEF5IVfKriqkDDggBFQAAiEIYAXABwAEG\u0026rs=AOn4CLBENwQ5eALHhslRuCtXYjokDHgOJQ,4155,,,2023-06-13,People \u0026 Blogs,,4.64K,"video, sharing, camera phone, video phone, free, upload"
250,if2SYLzFDMM,実際 / park ft. 花隈千冬lite,https://i.ytimg.com/vi/if2SYLzFDMM/hqdefault.jpg?sqp=-oaymwEbCKgBEF5IVfKriqkDDggBFQAAiEIYAXABwAEG\u0026rs=AOn4CLBmbylqo6YKoYUGFUTDU-bV16tfLQ,146,,,2023-06-13,Music,,116,"オリジナル曲, original song, Hanakuma Chifuyu, hanakuma chifuyu ai, hanakuma chifuyu ai lite, hanakuma chifuyu lite, synthv, original synthv song, じっさい, ジッサイ, jissai"
251,xAY-HL5u3Gg,サーカス feat.花隈千冬,https://i.ytimg.com/vi/xAY-HL5u3Gg/hqdefault.jpg?sqp=-oaymwE1CKgBEF5IVfKriqkDKAgBFQAAiEIYAXABwAEG8AEB-AH-CYAC0AWKAgwIABABGH8gEygTMA8=\u0026rs=AOn4CLAbznKDd-n-3yLbQ0cZId1jXB0quQ,80,,,2023-06-15,Music,Kuramoto Satoshi,86,"VOCALOID, SynthesizerV, 花隈千冬"
252,8zSAgAqX25E,頑張れって言わないで!!/花隈千冬【オリジナル曲】,https://i.ytimg.com/vi/8zSAgAqX25E/hqdefault.jpg?sqp=-oaymwE1CKgBEF5IVfKriqkDKAgBFQAAiEIYAXABwAEG8AEB-AH-CYAC0AWKAgwIABABGHIgZygtMA8=\u0026rs=AOn4CLBGmZH108sOZfRnh2_BNT-5AmiTwg,3027,,,2023-06-16,People \u0026 Blogs,ハン.,4.64K,"video, sharing, camera phone, video phone, free, upload"
253,6pwfexzOdRE,【SynthesizerVオリジナル曲】青春プレスト【小春六花·夏色花梨·花隈千冬】,https://i.ytimg.com/vi/6pwfexzOdRE/hqdefault.jpg?sqp=-oaymwEbCKgBEF5IVfKriqkDDggBFQAAiEIYAXABwAEG\u0026rs=AOn4CLCH13-JQV3iCGl__jH_r0dzinhVwA,471,,,2023-06-16,Music,君臨德雷克,1.5K,"SynthesizerV, オリジナル曲, 小春六花, 夏色花梨, 花隈千冬"
254,UaUUcFAyngA,絆が絡みつく【花隈千冬オリジナル曲】,https://i.ytimg.com/vi/UaUUcFAyngA/hqdefault.jpg?sqp=-oaymwEbCKgBEF5IVfKriqkDDggBFQAAiEIYAXABwAEG\u0026rs=AOn4CLA3wYomVzedHigZUM7jDNpWAEjMbw,174,,,2023-06-16,Music,たのしい生物のじかん(unui),244,"video, sharing, camera phone, video phone, free, upload"
255,TF1USGQFzFY,君を探してる/花隈千冬（オリジナル曲）,https://i.ytimg.com/vi/TF1USGQFzFY/hqdefault.jpg?sqp=-oaymwEbCKgBEF5IVfKriqkDDggBFQAAiEIYAXABwAEG\u0026rs=AOn4CLC2-NiA3QC5UTG7DcJ_JvlNLUwmbg,200,,,2023-06-16,Music,すうぃーと♡みゅうみゅうch,1.55K,"video, sharing, camera phone, video phone, free, upload"
256,Hq7UrirFMZI,【狂奏のスケルツォ / feat : 花隈千冬】/ jun fukuda,https://i.ytimg.com/vi/Hq7UrirFMZI/hqdefault.jpg?sqp=-oaymwE1CKgBEF5IVfKriqkDKAgBFQAAiEIYAXABwAEG8AEB-AH-CYAC0AWKAgwIABABGGUgYihQMA8=\u0026rs=AOn4CLCIfQb8ziT6qvPmaakxjr7XSLCPfQ,5246,,,2023-06-16,Music,福田 潤 ※himself,826,"jun fukuda, 変拍子, ボカロ, synthsizer V, 歌声ソフト, vocaloid"
257,WJy62K16IAw,いのくち(inokuchi) - 君は見せないで feat. 花隈千冬 (cut_12_mix),https://i.ytimg.com/vi/WJy62K16IAw/hqdefault.jpg?sqp=-oaymwEbCKgBEF5IVfKriqkDDggBFQAAiEIYAXABwAEG\u0026rs=AOn4CLBCFPyW2Grn1uMMnZbrptxyi5WfIw,163,,,2023-06-17,Music,いのくち (inokuchi),832,"video, sharing, camera phone, video phone, free, upload"
258,luZkMBl9i8o,尊吐露死/花隈千冬,https://i.ytimg.com/vi/luZkMBl9i8o/hqdefault.jpg?sqp=-oaymwEbCKgBEF5IVfKriqkDDggBFQAAiEIYAXABwAEG\u0026rs=AOn4CLB0Yy88gFw4XgNgCk5lbvTNHfVmkw,219,,,2023-06-17,Music,,461,"video, sharing, camera phone, video phone, free, upload"
259,Nmik0QjWpPc,メグル / 花隈千冬,https://i.ytimg.com/vi/Nmik0QjWpPc/hqdefault.jpg?sqp=-oaymwE1CKgBEF5IVfKriqkDKAgBFQAAiEIYAXABwAEG8AEB-AH-CYAC0AWKAgwIABABGDYgUShyMA8=\u0026rs=AOn4CLBR-i8BFbu4xJnFHQs4n4tK0wobgA,693,,,2023-06-17,Music,ryo-shun / schilf.,530,"vocaloid, rock, ryo-shun, vocarock, ボーカロイド, 邦ロック, ボカロ, 新曲, エモ, ラウド, emo, loud, オルタナ, ネムルキミヘ, black≠white, ボカコレ, vocaloidcollection, ボッカデラベリタ, 真実の口, 柊キライ, Japanese rock, buzzG, AGAINST, 青春少女とスクリーモ, 青春, Youth girl, screamo, 終焉逃避行, 柊マグネタイト, LEVEREVE, JP, GUMI生誕祭, umamusume, ウマ娘, ウマ娘プリティダービー, トウカイテイオー, winning the soul, 深海少女, ゆうゆ, 正面衝突, ツミキ, フォニイ, Re:animate, Reanimate, さよなら, アストレア, さよならアストレア, アストラエア, Astraea, ラヴリーP, VOiCE, マーシャル・マキシマイザー, カノン, ゆよゆっぺ, Hope, 宮口カイライ, シンセサイズ・ポリフェイジア, After the rain, そらる, まふまふ, 四季折々に揺蕩いて, メグル, ふかみ祭, 酩酊堂, イラスト統一祭"
260,uondvWZ6_rw,雨粒のエピツク  【花隈千冬】【オリジナル/MV】【Melodic Dubstep】,https://i.ytimg.com/vi/uondvWZ6_rw/hqdefault.jpg?sqp=-oaymwEbCKgBEF5IVfKriqkDDggBFQAAiEIYAXABwAEG\u0026rs=AOn4CLB9r5kqJL85pxZX7SSs8OOfpQiHIw,684,,,2023-06-17,Music,Kininaru Omocha,900,"ボカロ, Vocaloid, CeVio, UTAU, NEUTRINO, SynthsizerV, 花隈千冬, Dubstep, ダブステップ, EDM, Electro, エレクトロ, メロディックダブステップ, Melodic Dubstep, Brostep, ブロステップ, Massive, Serum, DTM"
261,torYoTOLvEE,【花隈千冬】Graffiti【Kumaika】,https://i.ytimg.com/vi/torYoTOLvEE/hqdefault.jpg?sqp=-oaymwEbCKgBEF5IVfKriqkDDggBFQAAiEIYAXABwAEG\u0026rs=AOn4CLDJmH5FXfeZ6m1_v3I-CNIx5PCIfg,132,,,2023-06-17,Music,くまいか,82,"花隈千冬, SynthesizerV"
262,XuRGdge8fvE,【花隈千冬】滲ム雨【SynthesizerVオリジナル曲】,https://i.ytimg.com/vi/XuRGdge8fvE/hqdefault.jpg?sqp=-oaymwEbCKgBEF5IVfKriqkDDggBFQAAiEIYAXABwAEG\u0026rs=AOn4CLBR4e6Sj0WDFWQ2RtMnLfxmqsBrlQ,107,,,2023-06-17,People \u0026 Blogs,,18,"video, sharing, camera phone, video phone, free, upload"
263,BOHdQx8wQUQ,joRi ワタシノコイ feat.花隈千冬,https://i.ytimg.com/vi/BOHdQx8wQUQ/hqdefault.jpg?sqp=-oaymwEbCKgBEF5IVfKriqkDDggBFQAAiEIYAXABwAEG\u0026rs=AOn4CLDr7SV5PC-RVQ_hjOO-UeIXfJ9A7Q,45,,,2023-06-18,Music,joRi,16,"DTM, ボカロ, 流行りの歌"
